Workbook

Sheet Read me
A1: MAT Atom Deweloper Wrocław — riders, races and results 2026
A2: Compiled 30 Sep 2026 from public sources. Every result row carries its source link (Results sheet, column J).
A4: Sheets
A5: Summary – team totals (formulas).
A6: Riders – the 20 riders on atomteam.pl (12 Continental, 8 Junior) with counts of wins, podiums, top 10s, DNFs and national titles.
A7: Events – the 50 entries of the 2026 team calendar (E01–E50) plus 16 races found in results databases that are not on the published calendar (X01–X16).
A8: Results – one row per rider per classification: stage, general classification, track event or category. This is the only sheet to edit; everything else recalculates.
A9: Matrix – best result per rider per event, coloured by place.
A11: Sources
A12: UCI races, national championships and track championships: CyclingFlash rider profiles (cyclingflash.com/profile/<rider>), which list full finishing positions including DNFs.
A13: Polish domestic races (Polish Cups, criteriums, Sowiogórski Tour, track and TTT championships): naszosie.pl race reports.
A14: Three items appear only in the team's own Instagram post (elimination races at the Youth Polish Track Championships; Polish MTB marathon championships). They are marked with the team Instagram as source.
... A25: 8. Titles and medals on the Summary sheet count Polish national championships only, each title once even when several riders share it (pairs, team time trial, team pursuit). Race-day results of the criterium final (E48) are not titles; the title is the series classification.

Sheet Summary
A1: MAT Atom Deweloper Wrocław — season 2026
A2: All figures are formulas over the Results and Events sheets.
A4: As-of date | B4: 46295 | C4: Events after this date count as Upcoming.
A6: Measure | B6: Value
A7: Result rows entered | B7: =COUNTIF(Results!$F$2:$F$482,"?*") -> 481
A8: Riders with at least one result | B8: =COUNTIF(Riders!$G$5:$G$24,">0") -> 20
A9: Wins (any classification or category) | B9: =COUNTIF(Results!$G$2:$G$482,1) -> 83
A10: Podium places (1–3) | B10: =COUNTIFS(Results!$G$2:$G$482,">=1",Results!$G$2:$G$482,"<=3") -> 180
A11: Top-10 places | B11: =COUNTIFS(Results!$G$2:$G$482,">=1",Results!$G$2:$G$482,"<=10") -> 251
A12: DNF | B12: =COUNTIF(Results!$H$2:$H$482,"DNF") -> 29
A13: Polish national titles (distinct; team and pairs titles counted once) | B13: =SUM(Results!$O$2:$O$482) -> 30
A14: Polish national championship medals (distinct) | B14: =SUM(Results!$P$2:$P$482) -> 58
A15: National championship golds counted per rider (a team title counts for each rider) | B15: =COUNTIFS(Results!$G$2:$G$482,1,Results!$K$2:$K$482,"Yes") -> 47
A16: Calendar events with team results | B16: =COUNTIFS(Events!$I$2:$I$67,"Yes",Events!$L$2:$L$67,">0") -> 37
A17: Calendar events upcoming | B17: =COUNTIF(Events!$P$2:$P$67,"Upcoming") -> 2
A18: Calendar races with no team result found | B18: =COUNTIF(Events!$P$2:$P$67,"No team result found") -> 8
A19: Extra races not on the published calendar | B19: =COUNTIFS(Events!$I$2:$I$67,"No",Events!$L$2:$L$67,">0") -> 16

Sheet Riders
A1: Riders 2026
A2: Counts come from the Results sheet. Positions count across every classification and category entered.
A4: Rider | B4: Nat. | C4: Squad | D4: Category | E4: Instagram | F4: Results profile | G4: Result rows | H4: Events with results | I4: Wins | J4: Podiums (1–3) | K4: Top 10 | L4: DNF | M4: National championship golds | N4: Notes
A5: Olga Wankiewicz | B5: POL | C5: Continental | D5: Elite | E5: @olga_wankiewicz | F5: https://cyclingflash.com/profile/olga-wankiewicz | G5: =COUNTIF(Results!$F$2:$F$482,A5) -> 30 | H5: =SUMIFS(Results!$M$2:$M$482,Results!$F$2:$F$482,A5) -> 17 | I5: =COUNTIFS(Results!$F$2:$F$482,A5,Results!$G$2:$G$482,1) -> 1 | J5: =COUNTIFS(Results!$F$2:$F$482,A5,Results!$G$2:$G$482,">=1",Results!$G$2:$G$482,"<=3") -> 5 | K5: =COUNTIFS(Results!$F$2:$F$482,A5,Results!$G$2:$G$482,">=1",Results!$G$2:$G$482,"<=10") -> 17 | L5: =COUNTIFS(Results!$F$2:$F$482,A5,Results!$H$2:$H$482,"DNF") -> 0 | M5: =COUNTIFS(Results!$F$2:$F$482,A5,Results!$G$2:$G$482,1,Results!$K$2:$K$482,"Yes") -> 1
A6: Tamara Szalińska | B6: POL | C6: Continental | D6: Elite | E6: @tamara_szalinska | F6: https://cyclingflash.com/profile/tamara-szalinska | G6: =COUNTIF(Results!$F$2:$F$482,A6) -> 20 | H6: =SUMIFS(Results!$M$2:$M$482,Results!$F$2:$F$482,A6) -> 12 | I6: =COUNTIFS(Results!$F$2:$F$482,A6,Results!$G$2:$G$482,1) -> 1 | J6: =COUNTIFS(Results!$F$2:$F$482,A6,Results!$G$2:$G$482,">=1",Results!$G$2:$G$482,"<=3") -> 4 | K6: =COUNTIFS(Results!$F$2:$F$482,A6,Results!$G$2:$G$482,">=1",Results!$G$2:$G$482,"<=10") -> 9 | L6: =COUNTIFS(Results!$F$2:$F$482,A6,Results!$H$2:$H$482,"DNF") -> 0 | M6: =COUNTIFS(Results!$F$2:$F$482,A6,Results!$G$2:$G$482,1,Results!$K$2:$K$482,"Yes") -> 1
A7: Maja Tracka | B7: POL | C7: Continental | D7: U23 | E7: @trackaaaa | F7: https://cyclingflash.com/profile/maja-tracka | G7: =COUNTIF(Results!$F$2:$F$482,A7) -> 38 | H7: =SUMIFS(Results!$M$2:$M$482,Results!$F$2:$F$482,A7) -> 18 | I7: =COUNTIFS(Results!$F$2:$F$482,A7,Results!$G$2:$G$482,1) -> 10 | J7: =COUNTIFS(Results!$F$2:$F$482,A7,Results!$G$2:$G$482,">=1",Results!$G$2:$G$482,"<=3") -> 15 | K7: =COUNTIFS(Results!$F$2:$F$482,A7,Results!$G$2:$G$482,">=1",Results!$G$2:$G$482,"<=10") -> 20 | L7: =COUNTIFS(Results!$F$2:$F$482,A7,Results!$H$2:$H$482,"DNF") -> 5 | M7: =COUNTIFS(Results!$F$2:$F$482,A7,Results!$G$2:$G$482,1,Results!$K$2:$K$482,"Yes") -> 7
A8: Martyna Szczęsna | B8: POL | C8: Continental | D8: U23 | E8: @szczesna.martynka | F8: https://cyclingflash.com/profile/martyna-szczesna | G8: =COUNTIF(Results!$F$2:$F$482,A8) -> 53 | H8: =SUMIFS(Results!$M$2:$M$482,Results!$F$2:$F$482,A8) -> 21 | I8: =COUNTIFS(Results!$F$2:$F$482,A8,Results!$G$2:$G$482,1) -> 18 | J8: =COUNTIFS(Results!$F$2:$F$482,A8,Results!$G$2:$G$482,">=1",Results!$G$2:$G$482,"<=3") -> 21 | K8: =COUNTIFS(Results!$F$2:$F$482,A8,Results!$G$2:$G$482,">=1",Results!$G$2:$G$482,"<=10") -> 32 | L8: =COUNTIFS(Results!$F$2:$F$482,A8,Results!$H$2:$H$482,"DNF") -> 2 | M8: =COUNTIFS(Results!$F$2:$F$482,A8,Results!$G$2:$G$482,1,Results!$K$2:$K$482,"Yes") -> 13
A9: Eliza Rabażyńska | B9: POL | C9: Continental | D9: U23 | E9: @elizaa_rabaa | F9: https://cyclingflash.com/profile/eliza-rabazynska | G9: =COUNTIF(Results!$F$2:$F$482,A9) -> 22 | H9: =SUMIFS(Results!$M$2:$M$482,Results!$F$2:$F$482,A9) -> 12 | I9: =COUNTIFS(Results!$F$2:$F$482,A9,Results!$G$2:$G$482,1) -> 2 | J9: =COUNTIFS(Results!$F$2:$F$482,A9,Results!$G$2:$G$482,">=1",Results!$G$2:$G$482,"<=3") -> 9 | K9: =COUNTIFS(Results!$F$2:$F$482,A9,Results!$G$2:$G$482,">=1",Results!$G$2:$G$482,"<=10") -> 13 | L9: =COUNTIFS(Results!$F$2:$F$482,A9,Results!$H$2:$H$482,"DNF") -> 1 | M9: =COUNTIFS(Results!$F$2:$F$482,A9,Results!$G$2:$G$482,1,Results!$K$2:$K$482,"Yes") -> 1
A10: Alicja Matuła | B10: POL | C10: Continental | D10: U23 | E10: @alqa.matula | F10: https://cyclingflash.com/profile/alicja-matula | G10: =COUNTIF(Results!$F$2:$F$482,A10) -> 34 | H10: =SUMIFS(Results!$M$2:$M$482,Results!$F$2:$F$482,A10) -> 19 | I10: =COUNTIFS(Results!$F$2:$F$482,A10,Results!$G$2:$G$482,1) -> 6 | J10: =COUNTIFS(Results!$F$2:$F$482,A10,Results!$G$2:$G$482,">=1",Results!$G$2:$G$482,"<=3") -> 17 | K10: =COUNTIFS(Results!$F$2:$F$482,A10,Results!$G$2:$G$482,">=1",Results!$G$2:$G$482,"<=10") -> 18 | L10: =COUNTIFS(Results!$F$2:$F$482,A10,Results!$H$2:$H$482,"DNF") -> 5 | M10: =COUNTIFS(Results!$F$2:$F$482,A10,Results!$G$2:$G$482,1,Results!$K$2:$K$482,"Yes") -> 3
A11: Urszula Sipko | B11: POL | C11: Continental | D11: U23 | E11: @ula_sipko | F11: https://cyclingflash.com/profile/urszula-sipko | G11: =COUNTIF(Results!$F$2:$F$482,A11) -> 35 | H11: =SUMIFS(Results!$M$2:$M$482,Results!$F$2:$F$482,A11) -> 17 | I11: =COUNTIFS(Results!$F$2:$F$482,A11,Results!$G$2:$G$482,1) -> 4 | J11: =COUNTIFS(Results!$F$2:$F$482,A11,Results!$G$2:$G$482,">=1",Results!$G$2:$G$482,"<=3") -> 11 | K11: =COUNTIFS(Results!$F$2:$F$482,A11,Results!$G$2:$G$482,">=1",Results!$G$2:$G$482,"<=10") -> 16 | L11: =COUNTIFS(Results!$F$2:$F$482,A11,Results!$H$2:$H$482,"DNF") -> 3 | M11: =COUNTIFS(Results!$F$2:$F$482,A11,Results!$G$2:$G$482,1,Results!$K$2:$K$482,"Yes") -> 2
A12: Sofia Ungerová | B12: SVK | C12: Continental | D12: U23 | E12: @s.ungerova | F12: https://cyclingflash.com/profile/sofia-ungerova | G12: =COUNTIF(Results!$F$2:$F$482,A12) -> 30 | H12: =SUMIFS(Results!$M$2:$M$482,Results!$F$2:$F$482,A12) -> 14 | I12: =COUNTIFS(Results!$F$2:$F$482,A12,Results!$G$2:$G$482,1) -> 3 | J12: =COUNTIFS(Results!$F$2:$F$482,A12,Results!$G$2:$G$482,">=1",Results!$G$2:$G$482,"<=3") -> 12 | K12: =COUNTIFS(Results!$F$2:$F$482,A12,Results!$G$2:$G$482,">=1",Results!$G$2:$G$482,"<=10") -> 19 | L12: =COUNTIFS(Results!$F$2:$F$482,A12,Results!$H$2:$H$482,"DNF") -> 1 | M12: =COUNTIFS(Results!$F$2:$F$482,A12,Results!$G$2:$G$482,1,Results!$K$2:$K$482,"Yes") -> 0
A13: Nadia Hartman | B13: POL | C13: Continental | D13: U23 | E13: @nadiaahartman | F13: https://cyclingflash.com/profile/nadia-hartman | G13: =COUNTIF(Results!$F$2:$F$482,A13) -> 32 | H13: =SUMIFS(Results!$M$2:$M$482,Results!$F$2:$F$482,A13) -> 15 | I13: =COUNTIFS(Results!$F$2:$F$482,A13,Results!$G$2:$G$482,1) -> 3 | J13: =COUNTIFS(Results!$F$2:$F$482,A13,Results!$G$2:$G$482,">=1",Results!$G$2:$G$482,"<=3") -> 9 | K13: =COUNTIFS(Results!$F$2:$F$482,A13,Results!$G$2:$G$482,">=1",Results!$G$2:$G$482,"<=10") -> 10 | L13: =COUNTIFS(Results!$F$2:$F$482,A13,Results!$H$2:$H$482,"DNF") -> 0 | M13: =COUNTIFS(Results!$F$2:$F$482,A13,Results!$G$2:$G$482,1,Results!$K$2:$K$482,"Yes") -> 2
A14: Anna Gaborska | B14: POL | C14: Continental | D14: U23 | E14: @a.gaborska | F14: https://cyclingflash.com/profile/anna-gaborska | G14: =COUNTIF(Results!$F$2:$F$482,A14) -> 22 | H14: =SUMIFS(Results!$M$2:$M$482,Results!$F$2:$F$482,A14) -> 13 | I14: =COUNTIFS(Results!$F$2:$F$482,A14,Results!$G$2:$G$482,1) -> 2 | J14: =COUNTIFS(Results!$F$2:$F$482,A14,Results!$G$2:$G$482,">=1",Results!$G$2:$G$482,"<=3") -> 6 | K14: =COUNTIFS(Results!$F$2:$F$482,A14,Results!$G$2:$G$482,">=1",Results!$G$2:$G$482,"<=10") -> 10 | L14: =COUNTIFS(Results!$F$2:$F$482,A14,Results!$H$2:$H$482,"DNF") -> 2 | M14: =COUNTIFS(Results!$F$2:$F$482,A14,Results!$G$2:$G$482,1,Results!$K$2:$K$482,"Yes") -> 2
A15: Gabriela Kaczmarczyk | B15: POL | C15: Continental | D15: U23 | E15: @g__kaczmarczyk | F15: https://cyclingflash.com/profile/gabriela-kaczmarczyk | G15: =COUNTIF(Results!$F$2:$F$482,A15) -> 18 | H15: =SUMIFS(Results!$M$2:$M$482,Results!$F$2:$F$482,A15) -> 13 | I15: =COUNTIFS(Results!$F$2:$F$482,A15,Results!$G$2:$G$482,1) -> 4 | J15: =COUNTIFS(Results!$F$2:$F$482,A15,Results!$G$2:$G$482,">=1",Results!$G$2:$G$482,"<=3") -> 9 | K15: =COUNTIFS(Results!$F$2:$F$482,A15,Results!$G$2:$G$482,">=1",Results!$G$2:$G$482,"<=10") -> 12 | L15: =COUNTIFS(Results!$F$2:$F$482,A15,Results!$H$2:$H$482,"DNF") -> 3 | M15: =COUNTIFS(Results!$F$2:$F$482,A15,Results!$G$2:$G$482,1,Results!$K$2:$K$482,"Yes") -> 3
A16: Daria Dębicka | B16: POL | C16: Continental | D16: U23 | E16: @__debicka__ | F16: https://cyclingflash.com/profile/daria-debicka | G16: =COUNTIF(Results!$F$2:$F$482,A16) -> 9 | H16: =SUMIFS(Results!$M$2:$M$482,Results!$F$2:$F$482,A16) -> 7 | I16: =COUNTIFS(Results!$F$2:$F$482,A16,Results!$G$2:$G$482,1) -> 1 | J16: =COUNTIFS(Results!$F$2:$F$482,A16,Results!$G$2:$G$482,">=1",Results!$G$2:$G$482,"<=3") -> 4 | K16: =COUNTIFS(Results!$F$2:$F$482,A16,Results!$G$2:$G$482,">=1",Results!$G$2:$G$482,"<=10") -> 4 | L16: =COUNTIFS(Results!$F$2:$F$482,A16,Results!$H$2:$H$482,"DNF") -> 1 | M16: =COUNTIFS(Results!$F$2:$F$482,A16,Results!$G$2:$G$482,1,Results!$K$2:$K$482,"Yes") -> 0
... A24: Natalia Gacek | B24: POL | C24: Junior | D24: U19 | E24: @_na4alia_ | F24: https://cyclingflash.com/profile/natalia-gacek | G24: =COUNTIF(Results!$F$2:$F$482,A24) -> 7 | H24: =SUMIFS(Results!$M$2:$M$482,Results!$F$2:$F$482,A24) -> 4 | I24: =COUNTIFS(Results!$F$2:$F$482,A24,Results!$G$2:$G$482,1) -> 0 | J24: =COUNTIFS(Results!$F$2:$F$482,A24,Results!$G$2:$G$482,">=1",Results!$G$2:$G$482,"<=3") -> 0 | K24: =COUNTIFS(Results!$F$2:$F$482,A24,Results!$G$2:$G$482,">=1",Results!$G$2:$G$482,"<=10") -> 0 | L24: =COUNTIFS(Results!$F$2:$F$482,A24,Results!$H$2:$H$482,"DNF") -> 3 | M24: =COUNTIFS(Results!$F$2:$F$482,A24,Results!$G$2:$G$482,1,Results!$K$2:$K$482,"Yes") -> 0
A25: Team total | G25: =SUM(G5:G24) -> 481 | H25: =SUM(H5:H24) -> 251 | I25: =SUM(I5:I24) -> 83 | J25: =SUM(J5:J24) -> 180 | K25: =SUM(K5:K24) -> 251 | L25: =SUM(L5:L24) -> 29 | M25: =SUM(M5:M24) -> 47

Sheet Events
A1: Event ID | B1: Start | C1: End | D1: Event | E1: Location | F1: Country | G1: Discipline | H1: Class | I1: On team calendar | J1: National championship | K1: Training | L1: Result rows | M1: Riders with results | N1: Best result | O1: Wins | P1: Status | Q1: Notes
A2: E01 | B2: 46026 | C2: 46026 | D2: 4th Cyclocross im. Z. Hanusika | E2: Tychy | F2: POL | G2: CX | I2: Yes | J2: No | K2: No | L2: =COUNTIF(Results!$A$2:$A$482,A2) -> 1 | M2: =SUMIFS(Results!$M$2:$M$482,Results!$A$2:$A$482,A2) -> 1 | N2: =IF(COUNTIFS(Results!$A$2:$A$482,A2,Results!$G$2:$G$482,">0")=0,"",_xlfn.MINIFS(Results!$G$2:$G$482,Results!$A$2:$A$482,A2,Results!$G$2:$G$482,">0")) -> 2 | O2: =COUNTIFS(Results!$A$2:$A$482,A2,Results!$G$2:$G$482,1) -> 0 | P2: =IF(K2="Yes","Training",IF(L2>0,"Results found",IF(AND(B2<>"",B2>Summary!$B$4),"Upcoming","No team result found"))) -> Results found | Q2: Team site text read '44th'; naszosie reports the IV (4th) edition on 4 Jan.
A3: E02 | B3: 46031 | C3: 46033 | D3: Przełajowe Mistrzostwa Polski (Polish CX Championships) | E3: Ełk | F3: POL | G3: CX | H3: NCh. | I3: Yes | J3: Yes | K3: No | L3: =COUNTIF(Results!$A$2:$A$482,A3) -> 8 | M3: =SUMIFS(Results!$M$2:$M$482,Results!$A$2:$A$482,A3) -> 5 | N3: =IF(COUNTIFS(Results!$A$2:$A$482,A3,Results!$G$2:$G$482,">0")=0,"",_xlfn.MINIFS(Results!$G$2:$G$482,Results!$A$2:$A$482,A3,Results!$G$2:$G$482,">0")) -> 1 | O3: =COUNTIFS(Results!$A$2:$A$482,A3,Results!$G$2:$G$482,1) -> 1 | P3: =IF(K3="Yes","Training",IF(L3>0,"Results found",IF(AND(B3<>"",B3>Summary!$B$4),"Upcoming","No team result found"))) -> Results found
A4: E03 | B4: 46054 | C4: 46058 | D4: UEC Track Elite European Championships | E4: Konya | F4: TUR | G4: TRACK | H4: ECh. | I4: Yes | J4: No | K4: No | L4: =COUNTIF(Results!$A$2:$A$482,A4) -> 9 | M4: =SUMIFS(Results!$M$2:$M$482,Results!$A$2:$A$482,A4) -> 4 | N4: =IF(COUNTIFS(Results!$A$2:$A$482,A4,Results!$G$2:$G$482,">0")=0,"",_xlfn.MINIFS(Results!$G$2:$G$482,Results!$A$2:$A$482,A4,Results!$G$2:$G$482,">0")) -> 5 | O4: =COUNTIFS(Results!$A$2:$A$482,A4,Results!$G$2:$G$482,1) -> 0 | P4: =IF(K4="Yes","Training",IF(L4>0,"Results found",IF(AND(B4<>"",B4>Summary!$B$4),"Upcoming","No team result found"))) -> Results found | Q4: Riders raced for Poland.
A5: E04 | B5: 46056 | C5: 46056 | D5: Training consultation | E5: Pruszków | F5: POL | G5: TRACK | I5: Yes | J5: No | K5: Yes | L5: =COUNTIF(Results!$A$2:$A$482,A5) -> 0 | M5: =SUMIFS(Results!$M$2:$M$482,Results!$A$2:$A$482,A5) -> 0 | N5: =IF(COUNTIFS(Results!$A$2:$A$482,A5,Results!$G$2:$G$482,">0")=0,"",_xlfn.MINIFS(Results!$G$2:$G$482,Results!$A$2:$A$482,A5,Results!$G$2:$G$482,">0")) | O5: =COUNTIFS(Results!$A$2:$A$482,A5,Results!$G$2:$G$482,1) -> 0 | P5: =IF(K5="Yes","Training",IF(L5>0,"Results found",IF(AND(B5<>"",B5>Summary!$B$4),"Upcoming","No team result found"))) -> Training
A6: E05 | B6: 46060 | C6: 46075 | D6: Training camp | F6: CRO | G6: ROAD | I6: Yes | J6: No | K6: Yes | L6: =COUNTIF(Results!$A$2:$A$482,A6) -> 0 | M6: =SUMIFS(Results!$M$2:$M$482,Results!$A$2:$A$482,A6) -> 0 | N6: =IF(COUNTIFS(Results!$A$2:$A$482,A6,Results!$G$2:$G$482,">0")=0,"",_xlfn.MINIFS(Results!$G$2:$G$482,Results!$A$2:$A$482,A6,Results!$G$2:$G$482,">0")) | O6: =COUNTIFS(Results!$A$2:$A$482,A6,Results!$G$2:$G$482,1) -> 0 | P6: =IF(K6="Yes","Training",IF(L6>0,"Results found",IF(AND(B6<>"",B6>Summary!$B$4),"Upcoming","No team result found"))) -> Training
A7: E06 | B7: 46074 | C7: 46075 | D7: Polish Cup (track) – Puchar Polski | E7: Pruszków | F7: POL | G7: TRACK | H7: Nat. | I7: Yes | J7: No | K7: No | L7: =COUNTIF(Results!$A$2:$A$482,A7) -> 7 | M7: =SUMIFS(Results!$M$2:$M$482,Results!$A$2:$A$482,A7) -> 4 | N7: =IF(COUNTIFS(Results!$A$2:$A$482,A7,Results!$G$2:$G$482,">0")=0,"",_xlfn.MINIFS(Results!$G$2:$G$482,Results!$A$2:$A$482,A7,Results!$G$2:$G$482,">0")) -> 1 | O7: =COUNTIFS(Results!$A$2:$A$482,A7,Results!$G$2:$G$482,1) -> 3 | P7: =IF(K7="Yes","Training",IF(L7>0,"Results found",IF(AND(B7<>"",B7>Summary!$B$4),"Upcoming","No team result found"))) -> Results found
A8: E07 | B8: 46085 | C8: 46085 | D8: UMAG Classic Ladies | E8: Umag | F8: CRO | G8: ROAD | H8: 1.2 | I8: Yes | J8: No | K8: No | L8: =COUNTIF(Results!$A$2:$A$482,A8) -> 6 | M8: =SUMIFS(Results!$M$2:$M$482,Results!$A$2:$A$482,A8) -> 6 | N8: =IF(COUNTIFS(Results!$A$2:$A$482,A8,Results!$G$2:$G$482,">0")=0,"",_xlfn.MINIFS(Results!$G$2:$G$482,Results!$A$2:$A$482,A8,Results!$G$2:$G$482,">0")) -> 4 | O8: =COUNTIFS(Results!$A$2:$A$482,A8,Results!$G$2:$G$482,1) -> 0 | P8: =IF(K8="Yes","Training",IF(L8>0,"Results found",IF(AND(B8<>"",B8>Summary!$B$4),"Upcoming","No team result found"))) -> Results found
A9: E08 | B9: 46088 | C9: 46100 | D9: Training camp | F9: CRO | G9: ROAD | I9: Yes | J9: No | K9: Yes | L9: =COUNTIF(Results!$A$2:$A$482,A9) -> 0 | M9: =SUMIFS(Results!$M$2:$M$482,Results!$A$2:$A$482,A9) -> 0 | N9: =IF(COUNTIFS(Results!$A$2:$A$482,A9,Results!$G$2:$G$482,">0")=0,"",_xlfn.MINIFS(Results!$G$2:$G$482,Results!$A$2:$A$482,A9,Results!$G$2:$G$482,">0")) | O9: =COUNTIFS(Results!$A$2:$A$482,A9,Results!$G$2:$G$482,1) -> 0 | P9: =IF(K9="Yes","Training",IF(L9>0,"Results found",IF(AND(B9<>"",B9>Summary!$B$4),"Upcoming","No team result found"))) -> Training
A10: E09 | B10: 46089 | C10: 46089 | D10: POREČ Classic Ladies | E10: Poreč | F10: CRO | G10: ROAD | H10: 1.2 | I10: Yes | J10: No | K10: No | L10: =COUNTIF(Results!$A$2:$A$482,A10) -> 6 | M10: =SUMIFS(Results!$M$2:$M$482,Results!$A$2:$A$482,A10) -> 6 | N10: =IF(COUNTIFS(Results!$A$2:$A$482,A10,Results!$G$2:$G$482,">0")=0,"",_xlfn.MINIFS(Results!$G$2:$G$482,Results!$A$2:$A$482,A10,Results!$G$2:$G$482,">0")) -> 2 | O10: =COUNTIFS(Results!$A$2:$A$482,A10,Results!$G$2:$G$482,1) -> 0 | P10: =IF(K10="Yes","Training",IF(L10>0,"Results found",IF(AND(B10<>"",B10>Summary!$B$4),"Upcoming","No team result found"))) -> Results found
A11: E10 | B11: 46103 | C11: 46103 | D11: Midwest Cycling Classic | F11: BEL | G11: ROAD | H11: 1.1 | I11: Yes | J11: No | K11: No | L11: =COUNTIF(Results!$A$2:$A$482,A11) -> 7 | M11: =SUMIFS(Results!$M$2:$M$482,Results!$A$2:$A$482,A11) -> 7 | N11: =IF(COUNTIFS(Results!$A$2:$A$482,A11,Results!$G$2:$G$482,">0")=0,"",_xlfn.MINIFS(Results!$G$2:$G$482,Results!$A$2:$A$482,A11,Results!$G$2:$G$482,">0")) -> 9 | O11: =COUNTIFS(Results!$A$2:$A$482,A11,Results!$G$2:$G$482,1) -> 0 | P11: =IF(K11="Yes","Training",IF(L11>0,"Results found",IF(AND(B11<>"",B11>Summary!$B$4),"Upcoming","No team result found"))) -> Results found
A12: E11 | B12: 46109 | C12: 46109 | D12: Trofeo Cinelli – VC Hlohovec | E12: Hlohovec | F12: CZE | G12: ROAD | I12: Yes | J12: No | K12: No | L12: =COUNTIF(Results!$A$2:$A$482,A12) -> 0 | M12: =SUMIFS(Results!$M$2:$M$482,Results!$A$2:$A$482,A12) -> 0 | N12: =IF(COUNTIFS(Results!$A$2:$A$482,A12,Results!$G$2:$G$482,">0")=0,"",_xlfn.MINIFS(Results!$G$2:$G$482,Results!$A$2:$A$482,A12,Results!$G$2:$G$482,">0")) | O12: =COUNTIFS(Results!$A$2:$A$482,A12,Results!$G$2:$G$482,1) -> 0 | P12: =IF(K12="Yes","Training",IF(L12>0,"Results found",IF(AND(B12<>"",B12>Summary!$B$4),"Upcoming","No team result found"))) -> No team result found
A13: E12 | B13: 46116 | C13: 46116 | D13: NXT Classic | F13: NED | G13: ROAD | H13: 1.2 | I13: Yes | J13: No | K13: No | L13: =COUNTIF(Results!$A$2:$A$482,A13) -> 6 | M13: =SUMIFS(Results!$M$2:$M$482,Results!$A$2:$A$482,A13) -> 6 | N13: =IF(COUNTIFS(Results!$A$2:$A$482,A13,Results!$G$2:$G$482,">0")=0,"",_xlfn.MINIFS(Results!$G$2:$G$482,Results!$A$2:$A$482,A13,Results!$G$2:$G$482,">0")) -> 21 | O13: =COUNTIFS(Results!$A$2:$A$482,A13,Results!$G$2:$G$482,1) -> 0 | P13: =IF(K13="Yes","Training",IF(L13>0,"Results found",IF(AND(B13<>"",B13>Summary!$B$4),"Upcoming","No team result found"))) -> Results found | Q13: Team site lists 1.1; CyclingFlash and naszosie list 1.2.
A14: E13 | B14: 46118 | C14: 46118 | D14: Ronde de Mouscron | E14: Mouscron | F14: BEL | G14: ROAD | H14: 1.1 | I14: Yes | J14: No | K14: No | L14: =COUNTIF(Results!$A$2:$A$482,A14) -> 7 | M14: =SUMIFS(Results!$M$2:$M$482,Results!$A$2:$A$482,A14) -> 7 | N14: =IF(COUNTIFS(Results!$A$2:$A$482,A14,Results!$G$2:$G$482,">0")=0,"",_xlfn.MINIFS(Results!$G$2:$G$482,Results!$A$2:$A$482,A14,Results!$G$2:$G$482,">0")) -> 7 | O14: =COUNTIFS(Results!$A$2:$A$482,A14,Results!$G$2:$G$482,1) -> 0 | P14: =IF(K14="Yes","Training",IF(L14>0,"Results found",IF(AND(B14<>"",B14>Summary!$B$4),"Upcoming","No team result found"))) -> Results found
A15: E14 | B15: 46120 | C15: 46120 | D15: Scheldeprijs Vrouwen Elite | F15: BEL | G15: ROAD | H15: 1.Pro | I15: Yes | J15: No | K15: No | L15: =COUNTIF(Results!$A$2:$A$482,A15) -> 6 | M15: =SUMIFS(Results!$M$2:$M$482,Results!$A$2:$A$482,A15) -> 6 | N15: =IF(COUNTIFS(Results!$A$2:$A$482,A15,Results!$G$2:$G$482,">0")=0,"",_xlfn.MINIFS(Results!$G$2:$G$482,Results!$A$2:$A$482,A15,Results!$G$2:$G$482,">0")) -> 61 | O15: =COUNTIFS(Results!$A$2:$A$482,A15,Results!$G$2:$G$482,1) -> 0 | P15: =IF(K15="Yes","Training",IF(L15>0,"Results found",IF(AND(B15<>"",B15>Summary!$B$4),"Upcoming","No team result found"))) -> Results found
A16: E15 | B16: 46124 | C16: 46124 | D16: Ślężański Mnich | F16: POL | G16: ROAD | H16: Nat. | I16: Yes | J16: No | K16: No | L16: =COUNTIF(Results!$A$2:$A$482,A16) -> 6 | M16: =SUMIFS(Results!$M$2:$M$482,Results!$A$2:$A$482,A16) -> 4 | N16: =IF(COUNTIFS(Results!$A$2:$A$482,A16,Results!$G$2:$G$482,">0")=0,"",_xlfn.MINIFS(Results!$G$2:$G$482,Results!$A$2:$A$482,A16,Results!$G$2:$G$482,">0")) -> 1 | O16: =COUNTIFS(Results!$A$2:$A$482,A16,Results!$G$2:$G$482,1) -> 2 | P16: =IF(K16="Yes","Training",IF(L16>0,"Results found",IF(AND(B16<>"",B16>Summary!$B$4),"Upcoming","No team result found"))) -> Results found
A17: E16 | B17: 46129 | C17: 46129 | D17: De Brabantse Pijl | E17: Overijse | F17: BEL | G17: ROAD | H17: 1.Pro | I17: Yes | J17: No | K17: No | L17: =COUNTIF(Results!$A$2:$A$482,A17) -> 6 | M17: =SUMIFS(Results!$M$2:$M$482,Results!$A$2:$A$482,A17) -> 6 | N17: =IF(COUNTIFS(Results!$A$2:$A$482,A17,Results!$G$2:$G$482,">0")=0,"",_xlfn.MINIFS(Results!$G$2:$G$482,Results!$A$2:$A$482,A17,Results!$G$2:$G$482,">0")) -> 15 | O17: =COUNTIFS(Results!$A$2:$A$482,A17,Results!$G$2:$G$482,1) -> 0 | P17: =IF(K17="Yes","Training",IF(L17>0,"Results found",IF(AND(B17<>"",B17>Summary!$B$4),"Upcoming","No team result found"))) -> Results found
A18: E17 | B18: 46130 | C18: 46131 | D18: Polish Cup (road) | E18: Lubartów | F18: POL | G18: ROAD | H18: Nat. | I18: Yes | J18: No | K18: No | L18: =COUNTIF(Results!$A$2:$A$482,A18) -> 0 | M18: =SUMIFS(Results!$M$2:$M$482,Results!$A$2:$A$482,A18) -> 0 | N18: =IF(COUNTIFS(Results!$A$2:$A$482,A18,Results!$G$2:$G$482,">0")=0,"",_xlfn.MINIFS(Results!$G$2:$G$482,Results!$A$2:$A$482,A18,Results!$G$2:$G$482,">0")) | O18: =COUNTIFS(Results!$A$2:$A$482,A18,Results!$G$2:$G$482,1) -> 0 | P18: =IF(K18="Yes","Training",IF(L18>0,"Results found",IF(AND(B18<>"",B18>Summary!$B$4),"Upcoming","No team result found"))) -> No team result found
A19: E18 | B19: 46136 | C19: 46138 | D19: EPZ Omloop van Borsele | E19: 's-Heerenhoek | F19: NED | G19: ROAD | H19: 2.Ncup | I19: Yes | J19: No | K19: No | L19: =COUNTIF(Results!$A$2:$A$482,A19) -> 16 | M19: =SUMIFS(Results!$M$2:$M$482,Results!$A$2:$A$482,A19) -> 4 | N19: =IF(COUNTIFS(Results!$A$2:$A$482,A19,Results!$G$2:$G$482,">0")=0,"",_xlfn.MINIFS(Results!$G$2:$G$482,Results!$A$2:$A$482,A19,Results!$G$2:$G$482,">0")) -> 15 | O19: =COUNTIFS(Results!$A$2:$A$482,A19,Results!$G$2:$G$482,1) -> 0 | P19: =IF(K19="Yes","Training",IF(L19>0,"Results found",IF(AND(B19<>"",B19>Summary!$B$4),"Upcoming","No team result found"))) -> Results found | Q19: Junior Nations Cup; juniors raced.
A20: E19 | B20: 46137 | C20: 46138 | D20: Polish Cup (road) | E20: Lubań / Leśna | F20: POL | G20: ROAD | H20: Nat. | I20: Yes | J20: No | K20: No | L20: =COUNTIF(Results!$A$2:$A$482,A20) -> 9 | M20: =SUMIFS(Results!$M$2:$M$482,Results!$A$2:$A$482,A20) -> 5 | N20: =IF(COUNTIFS(Results!$A$2:$A$482,A20,Results!$G$2:$G$482,">0")=0,"",_xlfn.MINIFS(Results!$G$2:$G$482,Results!$A$2:$A$482,A20,Results!$G$2:$G$482,">0")) -> 1 | O20: =COUNTIFS(Results!$A$2:$A$482,A20,Results!$G$2:$G$482,1) -> 4 | P20: =IF(K20="Yes","Training",IF(L20>0,"Results found",IF(AND(B20<>"",B20>Summary!$B$4),"Upcoming","No team result found"))) -> Results found | Q20: ITT in Lubań, road race in Leśna.
A21: E20 | B21: 46142 | C21: 46145 | D21: Gracia Orlová | E21: Orlová | F21: CZE | G21: ROAD | H21: 2.2 | I21: Yes | J21: No | K21: No | L21: =COUNTIF(Results!$A$2:$A$482,A21) -> 39 | M21: =SUMIFS(Results!$M$2:$M$482,Results!$A$2:$A$482,A21) -> 6 | N21: =IF(COUNTIFS(Results!$A$2:$A$482,A21,Results!$G$2:$G$482,">0")=0,"",_xlfn.MINIFS(Results!$G$2:$G$482,Results!$A$2:$A$482,A21,Results!$G$2:$G$482,">0")) -> 1 | O21: =COUNTIFS(Results!$A$2:$A$482,A21,Results!$G$2:$G$482,1) -> 2 | P21: =IF(K21="Yes","Training",IF(L21>0,"Results found",IF(AND(B21<>"",B21>Summary!$B$4),"Upcoming","No team result found"))) -> Results found
A22: E21 | B22: 46145 | C22: 46145 | D22: Criterium Lubawa (MP criterium qualifier) | E22: Lubawa | F22: POL | G22: ROAD | H22: Nat. | I22: Yes | J22: No | K22: No | L22: =COUNTIF(Results!$A$2:$A$482,A22) -> 1 | M22: =SUMIFS(Results!$M$2:$M$482,Results!$A$2:$A$482,A22) -> 1 | N22: =IF(COUNTIFS(Results!$A$2:$A$482,A22,Results!$G$2:$G$482,">0")=0,"",_xlfn.MINIFS(Results!$G$2:$G$482,Results!$A$2:$A$482,A22,Results!$G$2:$G$482,">0")) -> 1 | O22: =COUNTIFS(Results!$A$2:$A$482,A22,Results!$G$2:$G$482,1) -> 1 | P22: =IF(K22="Yes","Training",IF(L22>0,"Results found",IF(AND(B22<>"",B22>Summary!$B$4),"Upcoming","No team result found"))) -> Results found
A23: E22 | B23: 46151 | C23: 46152 | D23: Polish Cup (road) | E23: Zamość (reported: Suchowola) | F23: POL | G23: ROAD | H23: Nat. | I23: Yes | J23: No | K23: No | L23: =COUNTIF(Results!$A$2:$A$482,A23) -> 4 | M23: =SUMIFS(Results!$M$2:$M$482,Results!$A$2:$A$482,A23) -> 2 | N23: =IF(COUNTIFS(Results!$A$2:$A$482,A23,Results!$G$2:$G$482,">0")=0,"",_xlfn.MINIFS(Results!$G$2:$G$482,Results!$A$2:$A$482,A23,Results!$G$2:$G$482,">0")) -> 1 | O23: =COUNTIFS(Results!$A$2:$A$482,A23,Results!$G$2:$G$482,1) -> 2 | P23: =IF(K23="Yes","Training",IF(L23>0,"Results found",IF(AND(B23<>"",B23>Summary!$B$4),"Upcoming","No team result found"))) -> Results found | Q23: naszosie reports this Lublin-region round from Suchowola; mapped here as the same round – please confirm.
A24: E23 | B24: 46152 | C24: 46152 | D24: In Flanders Fields | F24: BEL | G24: ROAD | H24: 1.1 | I24: Yes | J24: No | K24: No | L24: =COUNTIF(Results!$A$2:$A$482,A24) -> 0 | M24: =SUMIFS(Results!$M$2:$M$482,Results!$A$2:$A$482,A24) -> 0 | N24: =IF(COUNTIFS(Results!$A$2:$A$482,A24,Results!$G$2:$G$482,">0")=0,"",_xlfn.MINIFS(Results!$G$2:$G$482,Results!$A$2:$A$482,A24,Results!$G$2:$G$482,">0")) | O24: =COUNTIFS(Results!$A$2:$A$482,A24,Results!$G$2:$G$482,1) -> 0 | P24: =IF(K24="Yes","Training",IF(L24>0,"Results found",IF(AND(B24<>"",B24>Summary!$B$4),"Upcoming","No team result found"))) -> No team result found | Q24: Same day as Trofee Maarten Wynants (E24); team results found only for E24.
A25: E24 | B25: 46152 | C25: 46152 | D25: Trofee Maarten Wynants | E25: Houthalen | F25: BEL | G25: ROAD | H25: 1.1 | I25: Yes | J25: No | K25: No | L25: =COUNTIF(Results!$A$2:$A$482,A25) -> 5 | M25: =SUMIFS(Results!$M$2:$M$482,Results!$A$2:$A$482,A25) -> 5 | N25: =IF(COUNTIFS(Results!$A$2:$A$482,A25,Results!$G$2:$G$482,">0")=0,"",_xlfn.MINIFS(Results!$G$2:$G$482,Results!$A$2:$A$482,A25,Results!$G$2:$G$482,">0")) -> 9 | O25: =COUNTIFS(Results!$A$2:$A$482,A25,Results!$G$2:$G$482,1) -> 0 | P25: =IF(K25="Yes","Training",IF(L25>0,"Results found",IF(AND(B25<>"",B25>Summary!$B$4),"Upcoming","No team result found"))) -> Results found
A26: E25 | B26: 46156 | C26: 46159 | D26: Tour de Feminin | E26: Krásná Lípa | F26: CZE | G26: ROAD | H26: 2.2 | I26: Yes | J26: No | K26: No | L26: =COUNTIF(Results!$A$2:$A$482,A26) -> 30 | M26: =SUMIFS(Results!$M$2:$M$482,Results!$A$2:$A$482,A26) -> 6 | N26: =IF(COUNTIFS(Results!$A$2:$A$482,A26,Results!$G$2:$G$482,">0")=0,"",_xlfn.MINIFS(Results!$G$2:$G$482,Results!$A$2:$A$482,A26,Results!$G$2:$G$482,">0")) -> 3 | O26: =COUNTIFS(Results!$A$2:$A$482,A26,Results!$G$2:$G$482,1) -> 0 | P26: =IF(K26="Yes","Training",IF(L26>0,"Results found",IF(AND(B26<>"",B26>Summary!$B$4),"Upcoming","No team result found"))) -> Results found | Q26: Stage 1 was a 12 km team time trial.
A27: E26 | B27: 46164 | C27: 46167 | D27: Sportland Niederösterreich Women Tour | F27: AUT | G27: ROAD | H27: Nat. | I27: Yes | J27: No | K27: No | L27: =COUNTIF(Results!$A$2:$A$482,A27) -> 0 | M27: =SUMIFS(Results!$M$2:$M$482,Results!$A$2:$A$482,A27) -> 0 | N27: =IF(COUNTIFS(Results!$A$2:$A$482,A27,Results!$G$2:$G$482,">0")=0,"",_xlfn.MINIFS(Results!$G$2:$G$482,Results!$A$2:$A$482,A27,Results!$G$2:$G$482,">0")) | O27: =COUNTIFS(Results!$A$2:$A$482,A27,Results!$G$2:$G$482,1) -> 0 | P27: =IF(K27="Yes","Training",IF(L27>0,"Results found",IF(AND(B27<>"",B27>Summary!$B$4),"Upcoming","No team result found"))) -> No team result found
A28: E27 | B28: 46165 | C28: 46166 | D28: Polish Cup (road) – Lubuskie Warte Zachodu | E28: Zielona Góra (Racula / Zabór) | F28: POL | G28: ROAD | H28: Nat. | I28: Yes | J28: No | K28: No | L28: =COUNTIF(Results!$A$2:$A$482,A28) -> 4 | M28: =SUMIFS(Results!$M$2:$M$482,Results!$A$2:$A$482,A28) -> 3 | N28: =IF(COUNTIFS(Results!$A$2:$A$482,A28,Results!$G$2:$G$482,">0")=0,"",_xlfn.MINIFS(Results!$G$2:$G$482,Results!$A$2:$A$482,A28,Results!$G$2:$G$482,">0")) -> 1 | O28: =COUNTIFS(Results!$A$2:$A$482,A28,Results!$G$2:$G$482,1) -> 2 | P28: =IF(K28="Yes","Training",IF(L28>0,"Results found",IF(AND(B28<>"",B28>Summary!$B$4),"Upcoming","No team result found"))) -> Results found
A29: E28 | B29: 46172 | C29: 46173 | D29: Polish Cup (road) | E29: Darłowo (Dąbki / Jarosławiec) | F29: POL | G29: ROAD | H29: Nat. | I29: Yes | J29: No | K29: No | L29: =COUNTIF(Results!$A$2:$A$482,A29) -> 2 | M29: =SUMIFS(Results!$M$2:$M$482,Results!$A$2:$A$482,A29) -> 2 | N29: =IF(COUNTIFS(Results!$A$2:$A$482,A29,Results!$G$2:$G$482,">0")=0,"",_xlfn.MINIFS(Results!$G$2:$G$482,Results!$A$2:$A$482,A29,Results!$G$2:$G$482,">0")) -> 1 | O29: =COUNTIFS(Results!$A$2:$A$482,A29,Results!$G$2:$G$482,1) -> 2 | P29: =IF(K29="Yes","Training",IF(L29>0,"Results found",IF(AND(B29<>"",B29>Summary!$B$4),"Upcoming","No team result found"))) -> Results found
A30: E29 | B30: 46180 | C30: 46180 | D30: Dwars door de Westhoek | F30: BEL | G30: ROAD | H30: 1.1 | I30: Yes | J30: No | K30: No | L30: =COUNTIF(Results!$A$2:$A$482,A30) -> 7 | M30: =SUMIFS(Results!$M$2:$M$482,Results!$A$2:$A$482,A30) -> 7 | N30: =IF(COUNTIFS(Results!$A$2:$A$482,A30,Results!$G$2:$G$482,">0")=0,"",_xlfn.MINIFS(Results!$G$2:$G$482,Results!$A$2:$A$482,A30,Results!$G$2:$G$482,">0")) -> 18 | O30: =COUNTIFS(Results!$A$2:$A$482,A30,Results!$G$2:$G$482,1) -> 0 | P30: =IF(K30="Yes","Training",IF(L30>0,"Results found",IF(AND(B30<>"",B30>Summary!$B$4),"Upcoming","No team result found"))) -> Results found
A31: E30 | B31: 46186 | C31: 46187 | D31: Polish Cup (road) | E31: Koziegłowy / Pińczyce | F31: POL | G31: ROAD | H31: Nat. | I31: Yes | J31: No | K31: No | L31: =COUNTIF(Results!$A$2:$A$482,A31) -> 3 | M31: =SUMIFS(Results!$M$2:$M$482,Results!$A$2:$A$482,A31) -> 2 | N31: =IF(COUNTIFS(Results!$A$2:$A$482,A31,Results!$G$2:$G$482,">0")=0,"",_xlfn.MINIFS(Results!$G$2:$G$482,Results!$A$2:$A$482,A31,Results!$G$2:$G$482,">0")) -> 1 | O31: =COUNTIFS(Results!$A$2:$A$482,A31,Results!$G$2:$G$482,1) -> 2 | P31: =IF(K31="Yes","Training",IF(L31>0,"Results found",IF(AND(B31<>"",B31>Summary!$B$4),"Upcoming","No team result found"))) -> Results found
A32: E31 | B32: 46193 | C32: 46194 | D32: Polish Cup (road) – Memoriał Tomka Jakubowskiego | E32: Chrzypsko Wielkie / Lusowo | F32: POL | G32: ROAD | H32: Nat. | I32: Yes | J32: No | K32: No | L32: =COUNTIF(Results!$A$2:$A$482,A32) -> 0 | M32: =SUMIFS(Results!$M$2:$M$482,Results!$A$2:$A$482,A32) -> 0 | N32: =IF(COUNTIFS(Results!$A$2:$A$482,A32,Results!$G$2:$G$482,">0")=0,"",_xlfn.MINIFS(Results!$G$2:$G$482,Results!$A$2:$A$482,A32,Results!$G$2:$G$482,">0")) | O32: =COUNTIFS(Results!$A$2:$A$482,A32,Results!$G$2:$G$482,1) -> 0 | P32: =IF(K32="Yes","Training",IF(L32>0,"Results found",IF(AND(B32<>"",B32>Summary!$B$4),"Upcoming","No team result found"))) -> No team result found | Q32: No team rider in the places reported by naszosie.
A33: E32 | B33: 46194 | C33: 46194 | D33: LOTTO Thüringen Women Cycling Challenge | F33: GER | G33: ROAD | H33: 1.Pro | I33: Yes | J33: No | K33: No | L33: =COUNTIF(Results!$A$2:$A$482,A33) -> 6 | M33: =SUMIFS(Results!$M$2:$M$482,Results!$A$2:$A$482,A33) -> 6 | N33: =IF(COUNTIFS(Results!$A$2:$A$482,A33,Results!$G$2:$G$482,">0")=0,"",_xlfn.MINIFS(Results!$G$2:$G$482,Results!$A$2:$A$482,A33,Results!$G$2:$G$482,">0")) -> 8 | O33: =COUNTIFS(Results!$A$2:$A$482,A33,Results!$G$2:$G$482,1) -> 0 | P33: =IF(K33="Yes","Training",IF(L33>0,"Results found",IF(AND(B33<>"",B33>Summary!$B$4),"Upcoming","No team result found"))) -> Results found
A34: E33 | B34: 46198 | C34: 46202 | D34: Polish Road Championships (ITT + road race) | F34: POL | G34: ROAD | H34: NCh. | I34: Yes | J34: Yes | K34: No | L34: =COUNTIF(Results!$A$2:$A$482,A34) -> 35 | M34: =SUMIFS(Results!$M$2:$M$482,Results!$A$2:$A$482,A34) -> 18 | N34: =IF(COUNTIFS(Results!$A$2:$A$482,A34,Results!$G$2:$G$482,">0")=0,"",_xlfn.MINIFS(Results!$G$2:$G$482,Results!$A$2:$A$482,A34,Results!$G$2:$G$482,">0")) -> 1 | O34: =COUNTIFS(Results!$A$2:$A$482,A34,Results!$G$2:$G$482,1) -> 2 | P34: =IF(K34="Yes","Training",IF(L34>0,"Results found",IF(AND(B34<>"",B34>Summary!$B$4),"Upcoming","No team result found"))) -> Results found | Q34: ITT 25 Jun, U19 road race 28 Jun, elite/U23 road race 27 Jun.
A35: E34 | B35: 46210 | C35: 46215 | D35: UEC Track Junior & U23 European Championships | E35: Cottbus | F35: GER | G35: TRACK | H35: ECh. | I35: Yes | J35: No | K35: No | L35: =COUNTIF(Results!$A$2:$A$482,A35) -> 16 | M35: =SUMIFS(Results!$M$2:$M$482,Results!$A$2:$A$482,A35) -> 6 | N35: =IF(COUNTIFS(Results!$A$2:$A$482,A35,Results!$G$2:$G$482,">0")=0,"",_xlfn.MINIFS(Results!$G$2:$G$482,Results!$A$2:$A$482,A35,Results!$G$2:$G$482,">0")) -> 3 | O35: =COUNTIFS(Results!$A$2:$A$482,A35,Results!$G$2:$G$482,1) -> 0 | P35: =IF(K35="Yes","Training",IF(L35>0,"Results found",IF(AND(B35<>"",B35>Summary!$B$4),"Upcoming","No team result found"))) -> Results found | Q35: Riders raced for Poland.
A36: E35 | B36: 46214 | C36: 46214 | D36: Respect Ladies Race Slovakia | F36: SVK | G36: ROAD | H36: 1.2 | I36: Yes | J36: No | K36: No | L36: =COUNTIF(Results!$A$2:$A$482,A36) -> 6 | M36: =SUMIFS(Results!$M$2:$M$482,Results!$A$2:$A$482,A36) -> 6 | N36: =IF(COUNTIFS(Results!$A$2:$A$482,A36,Results!$G$2:$G$482,">0")=0,"",_xlfn.MINIFS(Results!$G$2:$G$482,Results!$A$2:$A$482,A36,Results!$G$2:$G$482,">0")) -> 2 | O36: =COUNTIFS(Results!$A$2:$A$482,A36,Results!$G$2:$G$482,1) -> 0 | P36: =IF(K36="Yes","Training",IF(L36>0,"Results found",IF(AND(B36<>"",B36>Summary!$B$4),"Upcoming","No team result found"))) -> Results found | Q36: Listed on the team site as Groupama Ladies Race Slovakia.
A37: E36 | B37: 46227 | C37: 46229 | D37: Tour de Pologne Women | E37: Zamość – Lublin | F37: POL | G37: ROAD | H37: 2.Pro | I37: Yes | J37: No | K37: No | L37: =COUNTIF(Results!$A$2:$A$482,A37) -> 24 | M37: =SUMIFS(Results!$M$2:$M$482,Results!$A$2:$A$482,A37) -> 6 | N37: =IF(COUNTIFS(Results!$A$2:$A$482,A37,Results!$G$2:$G$482,">0")=0,"",_xlfn.MINIFS(Results!$G$2:$G$482,Results!$A$2:$A$482,A37,Results!$G$2:$G$482,">0")) -> 5 | O37: =COUNTIFS(Results!$A$2:$A$482,A37,Results!$G$2:$G$482,1) -> 0 | P37: =IF(K37="Yes","Training",IF(L37>0,"Results found",IF(AND(B37<>"",B37>Summary!$B$4),"Upcoming","No team result found"))) -> Results found
A38: E37 | B38: 46227 | C38: 46229 | D38: Watersley Ladies Challenge | E38: Watersley | F38: NED | G38: ROAD | H38: 2.Ncup | I38: Yes | J38: No | K38: No | L38: =COUNTIF(Results!$A$2:$A$482,A38) -> 21 | M38: =SUMIFS(Results!$M$2:$M$482,Results!$A$2:$A$482,A38) -> 6 | N38: =IF(COUNTIFS(Results!$A$2:$A$482,A38,Results!$G$2:$G$482,">0")=0,"",_xlfn.MINIFS(Results!$G$2:$G$482,Results!$A$2:$A$482,A38,Results!$G$2:$G$482,">0")) -> 8 | O38: =COUNTIFS(Results!$A$2:$A$482,A38,Results!$G$2:$G$482,1) -> 0 | P38: =IF(K38="Yes","Training",IF(L38>0,"Results found",IF(AND(B38<>"",B38>Summary!$B$4),"Upcoming","No team result found"))) -> Results found | Q38: Junior Nations Cup; juniors raced.
A39: E38 | B39: 46234 | C39: 46234 | D39: Criterium Grudziądz (Puchar Prezydenta Grudziądza) | E39: Grudziądz | F39: POL | G39: ROAD | H39: Nat. | I39: Yes | J39: No | K39: No | L39: =COUNTIF(Results!$A$2:$A$482,A39) -> 5 | M39: =SUMIFS(Results!$M$2:$M$482,Results!$A$2:$A$482,A39) -> 5 | N39: =IF(COUNTIFS(Results!$A$2:$A$482,A39,Results!$G$2:$G$482,">0")=0,"",_xlfn.MINIFS(Results!$G$2:$G$482,Results!$A$2:$A$482,A39,Results!$G$2:$G$482,">0")) -> 1 | O39: =COUNTIFS(Results!$A$2:$A$482,A39,Results!$G$2:$G$482,1) -> 1 | P39: =IF(K39="Yes","Training",IF(L39>0,"Results found",IF(AND(B39<>"",B39>Summary!$B$4),"Upcoming","No team result found"))) -> Results found | Q39: naszosie dates the race 8 Aug 2026.
A40: E39 | B40: 46235 | C40: 46235 | D40: Kryterium Uliczne – Nagroda Gruczna | E40: Gruczno | F40: POL | G40: ROAD | H40: Nat. | I40: Yes | J40: No | K40: No | L40: =COUNTIF(Results!$A$2:$A$482,A40) -> 4 | M40: =SUMIFS(Results!$M$2:$M$482,Results!$A$2:$A$482,A40) -> 4 | N40: =IF(COUNTIFS(Results!$A$2:$A$482,A40,Results!$G$2:$G$482,">0")=0,"",_xlfn.MINIFS(Results!$G$2:$G$482,Results!$A$2:$A$482,A40,Results!$G$2:$G$482,">0")) -> 1 | O40: =COUNTIFS(Results!$A$2:$A$482,A40,Results!$G$2:$G$482,1) -> 2 | P40: =IF(K40="Yes","Training",IF(L40>0,"Results found",IF(AND(B40<>"",B40>Summary!$B$4),"Upcoming","No team result found"))) -> Results found | Q40: naszosie report published 9 Aug 2026.
A41: E40 | B41: 46238 | C41: 46241 | D41: Polish Elite Track Championships | E41: Pruszków | F41: POL | G41: TRACK | H41: NCh. | I41: Yes | J41: Yes | K41: No | L41: =COUNTIF(Results!$A$2:$A$482,A41) -> 25 | M41: =SUMIFS(Results!$M$2:$M$482,Results!$A$2:$A$482,A41) -> 9 | N41: =IF(COUNTIFS(Results!$A$2:$A$482,A41,Results!$G$2:$G$482,">0")=0,"",_xlfn.MINIFS(Results!$G$2:$G$482,Results!$A$2:$A$482,A41,Results!$G$2:$G$482,">0")) -> 1 | O41: =COUNTIFS(Results!$A$2:$A$482,A41,Results!$G$2:$G$482,1) -> 12 | P41: =IF(K41="Yes","Training",IF(L41>0,"Results found",IF(AND(B41<>"",B41>Summary!$B$4),"Upcoming","No team result found"))) -> Results found | Q41: naszosie reports 1–3 Aug 2026.
A42: E41 | B42: 46248 | C42: 46250 | D42: Sowiogórski Tour | F42: POL | G42: ROAD | H42: Nat. | I42: Yes | J42: No | K42: No | L42: =COUNTIF(Results!$A$2:$A$482,A42) -> 13 | M42: =SUMIFS(Results!$M$2:$M$482,Results!$A$2:$A$482,A42) -> 4 | N42: =IF(COUNTIFS(Results!$A$2:$A$482,A42,Results!$G$2:$G$482,">0")=0,"",_xlfn.MINIFS(Results!$G$2:$G$482,Results!$A$2:$A$482,A42,Results!$G$2:$G$482,">0")) -> 1 | O42: =COUNTIFS(Results!$A$2:$A$482,A42,Results!$G$2:$G$482,1) -> 8 | P42: =IF(K42="Yes","Training",IF(L42>0,"Results found",IF(AND(B42<>"",B42>Summary!$B$4),"Upcoming","No team result found"))) -> Results found | Q42: Prologue 13 Aug per naszosie.
A43: E42 | B43: 46252 | C43: 46252 | D43: Egmont Cycling Race Women | E43: Zottegem | F43: BEL | G43: ROAD | H43: 1.1 | I43: Yes | J43: No | K43: No | L43: =COUNTIF(Results!$A$2:$A$482,A43) -> 0 | M43: =SUMIFS(Results!$M$2:$M$482,Results!$A$2:$A$482,A43) -> 0 | N43: =IF(COUNTIFS(Results!$A$2:$A$482,A43,Results!$G$2:$G$482,">0")=0,"",_xlfn.MINIFS(Results!$G$2:$G$482,Results!$A$2:$A$482,A43,Results!$G$2:$G$482,">0")) | O43: =COUNTIFS(Results!$A$2:$A$482,A43,Results!$G$2:$G$482,1) -> 0 | P43: =IF(K43="Yes","Training",IF(L43>0,"Results found",IF(AND(B43<>"",B43>Summary!$B$4),"Upcoming","No team result found"))) -> No team result found
A44: E43 | B44: 46261 | C44: 46264 | D44: Premondiale Giro Toscana Int. Femminile | F44: ITA | G44: ROAD | H44: 2.2 | I44: Yes | J44: No | K44: No | L44: =COUNTIF(Results!$A$2:$A$482,A44) -> 0 | M44: =SUMIFS(Results!$M$2:$M$482,Results!$A$2:$A$482,A44) -> 0 | N44: =IF(COUNTIFS(Results!$A$2:$A$482,A44,Results!$G$2:$G$482,">0")=0,"",_xlfn.MINIFS(Results!$G$2:$G$482,Results!$A$2:$A$482,A44,Results!$G$2:$G$482,">0")) | O44: =COUNTIFS(Results!$A$2:$A$482,A44,Results!$G$2:$G$482,1) -> 0 | P44: =IF(K44="Yes","Training",IF(L44>0,"Results found",IF(AND(B44<>"",B44>Summary!$B$4),"Upcoming","No team result found"))) -> No team result found
A45: E44 | B45: 46263 | C45: 46264 | D45: Górskie Szosowe Mistrzostwa Polski (mountain road champs) | F45: POL | G45: ROAD | H45: NCh. | I45: Yes | J45: Yes | K45: No | L45: =COUNTIF(Results!$A$2:$A$482,A45) -> 5 | M45: =SUMIFS(Results!$M$2:$M$482,Results!$A$2:$A$482,A45) -> 4 | N45: =IF(COUNTIFS(Results!$A$2:$A$482,A45,Results!$G$2:$G$482,">0")=0,"",_xlfn.MINIFS(Results!$G$2:$G$482,Results!$A$2:$A$482,A45,Results!$G$2:$G$482,">0")) -> 1 | O45: =COUNTIFS(Results!$A$2:$A$482,A45,Results!$G$2:$G$482,1) -> 2 | P45: =IF(K45="Yes","Training",IF(L45>0,"Results found",IF(AND(B45<>"",B45>Summary!$B$4),"Upcoming","No team result found"))) -> Results found | Q45: Women's titles were decided on 14 Aug within stage 2 of the Sowiogórski Tour (naszosie).
A46: E45 | B46: 46271 | C46: 46271 | D46: 55. Ogólnopolskie Kryterium Kolarskie | E46: Wieluń | F46: POL | G46: ROAD | H46: Nat. | I46: Yes | J46: No | K46: No | L46: =COUNTIF(Results!$A$2:$A$482,A46) -> 7 | M46: =SUMIFS(Results!$M$2:$M$482,Results!$A$2:$A$482,A46) -> 5 | N46: =IF(COUNTIFS(Results!$A$2:$A$482,A46,Results!$G$2:$G$482,">0")=0,"",_xlfn.MINIFS(Results!$G$2:$G$482,Results!$A$2:$A$482,A46,Results!$G$2:$G$482,">0")) -> 1 | O46: =COUNTIFS(Results!$A$2:$A$482,A46,Results!$G$2:$G$482,1) -> 3 | P46: =IF(K46="Yes","Training",IF(L46>0,"Results found",IF(AND(B46<>"",B46>Summary!$B$4),"Upcoming","No team result found"))) -> Results found | Q46: MP criterium qualifier.
A47: E46 | B47: 46277 | C47: 46278 | D47: Polish Pairs & Team Time Trial Championships | F47: POL | G47: TTT | H47: NCh. | I47: Yes | J47: Yes | K47: No | L47: =COUNTIF(Results!$A$2:$A$482,A47) -> 34 | M47: =SUMIFS(Results!$M$2:$M$482,Results!$A$2:$A$482,A47) -> 12 | N47: =IF(COUNTIFS(Results!$A$2:$A$482,A47,Results!$G$2:$G$482,">0")=0,"",_xlfn.MINIFS(Results!$G$2:$G$482,Results!$A$2:$A$482,A47,Results!$G$2:$G$482,">0")) -> 1 | O47: =COUNTIFS(Results!$A$2:$A$482,A47,Results!$G$2:$G$482,1) -> 18 | P47: =IF(K47="Yes","Training",IF(L47>0,"Results found",IF(AND(B47<>"",B47>Summary!$B$4),"Upcoming","No team result found"))) -> Results found | Q47: Pairs 12 Sep, teams 13 Sep.
A48: E47 | B48: 46284 | C48: 46284 | D48: Puchar Starosty Strzelińskiego | E48: Strzelin | F48: POL | G48: ROAD | H48: Nat. | I48: Yes | J48: No | K48: No | L48: =COUNTIF(Results!$A$2:$A$482,A48) -> 0 | M48: =SUMIFS(Results!$M$2:$M$482,Results!$A$2:$A$482,A48) -> 0 | N48: =IF(COUNTIFS(Results!$A$2:$A$482,A48,Results!$G$2:$G$482,">0")=0,"",_xlfn.MINIFS(Results!$G$2:$G$482,Results!$A$2:$A$482,A48,Results!$G$2:$G$482,">0")) | O48: =COUNTIFS(Results!$A$2:$A$482,A48,Results!$G$2:$G$482,1) -> 0 | P48: =IF(K48="Yes","Training",IF(L48>0,"Results found",IF(AND(B48<>"",B48>Summary!$B$4),"Upcoming","No team result found"))) -> No team result found
A49: E48 | B49: 46285 | C49: 46285 | D49: Memoriał im. Stanisława Szozdy – MP criterium final | E49: Prudnik | F49: POL | G49: ROAD | H49: NCh. | I49: Yes | J49: Yes | K49: No | L49: =COUNTIF(Results!$A$2:$A$482,A49) -> 7 | M49: =SUMIFS(Results!$M$2:$M$482,Results!$A$2:$A$482,A49) -> 6 | N49: =IF(COUNTIFS(Results!$A$2:$A$482,A49,Results!$G$2:$G$482,">0")=0,"",_xlfn.MINIFS(Results!$G$2:$G$482,Results!$A$2:$A$482,A49,Results!$G$2:$G$482,">0")) -> 1 | O49: =COUNTIFS(Results!$A$2:$A$482,A49,Results!$G$2:$G$482,1) -> 3 | P49: =IF(K49="Yes","Training",IF(L49>0,"Results found",IF(AND(B49<>"",B49>Summary!$B$4),"Upcoming","No team result found"))) -> Results found | Q49: naszosie reports the Polish criterium championship final in Prudnik (report 21 Sep); mapped to the Szozda memorial – please confirm.
A50: E49 | B50: 46298 | C50: 46302 | D50: UEC Road European Championships | E50: Ljubljana | F50: SLO | G50: ROAD | H50: ECh. | I50: Yes | J50: No | K50: No | L50: =COUNTIF(Results!$A$2:$A$482,A50) -> 0 | M50: =SUMIFS(Results!$M$2:$M$482,Results!$A$2:$A$482,A50) -> 0 | N50: =IF(COUNTIFS(Results!$A$2:$A$482,A50,Results!$G$2:$G$482,">0")=0,"",_xlfn.MINIFS(Results!$G$2:$G$482,Results!$A$2:$A$482,A50,Results!$G$2:$G$482,">0")) | O50: =COUNTIFS(Results!$A$2:$A$482,A50,Results!$G$2:$G$482,1) -> 0 | P50: =IF(K50="Yes","Training",IF(L50>0,"Results found",IF(AND(B50<>"",B50>Summary!$B$4),"Upcoming","No team result found"))) -> Upcoming
A51: E50 | B51: 46318 | C51: 46320 | D51: Polish Track Junior/U23 Championships | F51: POL | G51: TRACK | H51: NCh. | I51: Yes | J51: Yes | K51: No | L51: =COUNTIF(Results!$A$2:$A$482,A51) -> 0 | M51: =SUMIFS(Results!$M$2:$M$482,Results!$A$2:$A$482,A51) -> 0 | N51: =IF(COUNTIFS(Results!$A$2:$A$482,A51,Results!$G$2:$G$482,">0")=0,"",_xlfn.MINIFS(Results!$G$2:$G$482,Results!$A$2:$A$482,A51,Results!$G$2:$G$482,">0")) | O51: =COUNTIFS(Results!$A$2:$A$482,A51,Results!$G$2:$G$482,1) -> 0 | P51: =IF(K51="Yes","Training",IF(L51>0,"Results found",IF(AND(B51<>"",B51>Summary!$B$4),"Upcoming","No team result found"))) -> Upcoming
A52: X01 | B52: 46096 | C52: 46096 | D52: Piccolo Trofeo Alfredo Binda – Valli del Verbano (juniors) | E52: Cittiglio | F52: ITA | G52: ROAD | H52: 1.Ncup | I52: No | J52: No | K52: No | L52: =COUNTIF(Results!$A$2:$A$482,A52) -> 5 | M52: =SUMIFS(Results!$M$2:$M$482,Results!$A$2:$A$482,A52) -> 5 | N52: =IF(COUNTIFS(Results!$A$2:$A$482,A52,Results!$G$2:$G$482,">0")=0,"",_xlfn.MINIFS(Results!$G$2:$G$482,Results!$A$2:$A$482,A52,Results!$G$2:$G$482,">0")) -> 43 | O52: =COUNTIFS(Results!$A$2:$A$482,A52,Results!$G$2:$G$482,1) -> 0 | P52: =IF(K52="Yes","Training",IF(L52>0,"Results found",IF(AND(B52<>"",B52>Summary!$B$4),"Upcoming","No team result found"))) -> Results found
A53: X02 | B53: 46129 | C53: 46131 | D53: UCI Track Nations Cup – Hong Kong | E53: Hong Kong | F53: HKG | G53: TRACK | H53: CDM | I53: No | J53: No | K53: No | L53: =COUNTIF(Results!$A$2:$A$482,A53) -> 8 | M53: =SUMIFS(Results!$M$2:$M$482,Results!$A$2:$A$482,A53) -> 4 | N53: =IF(COUNTIFS(Results!$A$2:$A$482,A53,Results!$G$2:$G$482,">0")=0,"",_xlfn.MINIFS(Results!$G$2:$G$482,Results!$A$2:$A$482,A53,Results!$G$2:$G$482,">0")) -> 9 | O53: =COUNTIFS(Results!$A$2:$A$482,A53,Results!$G$2:$G$482,1) -> 0 | P53: =IF(K53="Yes","Training",IF(L53>0,"Results found",IF(AND(B53<>"",B53>Summary!$B$4),"Upcoming","No team result found"))) -> Results found | Q53: Raced for Poland.
A54: X03 | B54: 46136 | C54: 46138 | D54: UCI Track Nations Cup – Nilai | E54: Nilai | F54: MAS | G54: TRACK | H54: CDM | I54: No | J54: No | K54: No | L54: =COUNTIF(Results!$A$2:$A$482,A54) -> 8 | M54: =SUMIFS(Results!$M$2:$M$482,Results!$A$2:$A$482,A54) -> 4 | N54: =IF(COUNTIFS(Results!$A$2:$A$482,A54,Results!$G$2:$G$482,">0")=0,"",_xlfn.MINIFS(Results!$G$2:$G$482,Results!$A$2:$A$482,A54,Results!$G$2:$G$482,">0")) -> 8 | O54: =COUNTIFS(Results!$A$2:$A$482,A54,Results!$G$2:$G$482,1) -> 0 | P54: =IF(K54="Yes","Training",IF(L54>0,"Results found",IF(AND(B54<>"",B54>Summary!$B$4),"Upcoming","No team result found"))) -> Results found | Q54: Raced for Poland.
A55: X04 | B55: 46158 | C55: 46159 | D55: Tour du Gévaudan Occitanie femmes | E55: Mende | F55: FRA | G55: ROAD | I55: No | J55: No | K55: No | L55: =COUNTIF(Results!$A$2:$A$482,A55) -> 4 | M55: =SUMIFS(Results!$M$2:$M$482,Results!$A$2:$A$482,A55) -> 1 | N55: =IF(COUNTIFS(Results!$A$2:$A$482,A55,Results!$G$2:$G$482,">0")=0,"",_xlfn.MINIFS(Results!$G$2:$G$482,Results!$A$2:$A$482,A55,Results!$G$2:$G$482,">0")) -> 1 | O55: =COUNTIFS(Results!$A$2:$A$482,A55,Results!$G$2:$G$482,1) -> 1 | P55: =IF(K55="Yes","Training",IF(L55>0,"Results found",IF(AND(B55<>"",B55>Summary!$B$4),"Upcoming","No team result found"))) -> Results found | Q55: Team affiliation for this start not confirmed.
A56: X05 | B56: 46172 | C56: 46172 | D56: 3 Nations Cup – MTB Festival Vlaanderen | F56: BEL | G56: MTB | I56: No | J56: No | K56: No | L56: =COUNTIF(Results!$A$2:$A$482,A56) -> 1 | M56: =SUMIFS(Results!$M$2:$M$482,Results!$A$2:$A$482,A56) -> 1 | N56: =IF(COUNTIFS(Results!$A$2:$A$482,A56,Results!$G$2:$G$482,">0")=0,"",_xlfn.MINIFS(Results!$G$2:$G$482,Results!$A$2:$A$482,A56,Results!$G$2:$G$482,">0")) -> 13 | O56: =COUNTIFS(Results!$A$2:$A$482,A56,Results!$G$2:$G$482,1) -> 0 | P56: =IF(K56="Yes","Training",IF(L56>0,"Results found",IF(AND(B56<>"",B56>Summary!$B$4),"Upcoming","No team result found"))) -> Results found
A57: X06 | B57: 46198 | C57: 46200 | D57: Slovak National Road Championships | F57: SVK | G57: ROAD | H57: NCh. | I57: No | J57: Yes | K57: No | L57: =COUNTIF(Results!$A$2:$A$482,A57) -> 2 | M57: =SUMIFS(Results!$M$2:$M$482,Results!$A$2:$A$482,A57) -> 1 | N57: =IF(COUNTIFS(Results!$A$2:$A$482,A57,Results!$G$2:$G$482,">0")=0,"",_xlfn.MINIFS(Results!$G$2:$G$482,Results!$A$2:$A$482,A57,Results!$G$2:$G$482,">0")) -> 3 | O57: =COUNTIFS(Results!$A$2:$A$482,A57,Results!$G$2:$G$482,1) -> 0 | P57: =IF(K57="Yes","Training",IF(L57>0,"Results found",IF(AND(B57<>"",B57>Summary!$B$4),"Upcoming","No team result found"))) -> Results found
A58: X07 | B58: 46198 | C58: 46200 | D58: Czech National Road Championships | F58: CZE | G58: ROAD | H58: NCh. | I58: No | J58: Yes | K58: No | L58: =COUNTIF(Results!$A$2:$A$482,A58) -> 2 | M58: =SUMIFS(Results!$M$2:$M$482,Results!$A$2:$A$482,A58) -> 1 | N58: =IF(COUNTIFS(Results!$A$2:$A$482,A58,Results!$G$2:$G$482,">0")=0,"",_xlfn.MINIFS(Results!$G$2:$G$482,Results!$A$2:$A$482,A58,Results!$G$2:$G$482,">0")) -> 2 | O58: =COUNTIFS(Results!$A$2:$A$482,A58,Results!$G$2:$G$482,1) -> 0 | P58: =IF(K58="Yes","Training",IF(L58>0,"Results found",IF(AND(B58<>"",B58>Summary!$B$4),"Upcoming","No team result found"))) -> Results found
A59: X08 | B59: 46214 | C59: 46217 | D59: VALROMEY Tour Féminin | F59: FRA | G59: ROAD | H59: 1.1 | I59: No | J59: No | K59: No | L59: =COUNTIF(Results!$A$2:$A$482,A59) -> 3 | M59: =SUMIFS(Results!$M$2:$M$482,Results!$A$2:$A$482,A59) -> 1 | N59: =IF(COUNTIFS(Results!$A$2:$A$482,A59,Results!$G$2:$G$482,">0")=0,"",_xlfn.MINIFS(Results!$G$2:$G$482,Results!$A$2:$A$482,A59,Results!$G$2:$G$482,">0")) -> 13 | O59: =COUNTIFS(Results!$A$2:$A$482,A59,Results!$G$2:$G$482,1) -> 0 | P59: =IF(K59="Yes","Training",IF(L59>0,"Results found",IF(AND(B59<>"",B59>Summary!$B$4),"Upcoming","No team result found"))) -> Results found | Q59: Team affiliation for this start not confirmed.
A60: X09 | B60: 46219 | C60: 46219 | D60: Polish MTB Championships (XCO / XCC) | F60: POL | G60: MTB | H60: NCh. | I60: No | J60: Yes | K60: No | L60: =COUNTIF(Results!$A$2:$A$482,A60) -> 3 | M60: =SUMIFS(Results!$M$2:$M$482,Results!$A$2:$A$482,A60) -> 2 | N60: =IF(COUNTIFS(Results!$A$2:$A$482,A60,Results!$G$2:$G$482,">0")=0,"",_xlfn.MINIFS(Results!$G$2:$G$482,Results!$A$2:$A$482,A60,Results!$G$2:$G$482,">0")) -> 5 | O60: =COUNTIFS(Results!$A$2:$A$482,A60,Results!$G$2:$G$482,1) -> 0 | P60: =IF(K60="Yes","Training",IF(L60>0,"Results found",IF(AND(B60<>"",B60>Summary!$B$4),"Upcoming","No team result found"))) -> Results found
A61: X10 | B61: 46253 | C61: 46256 | D61: UCI Junior Track World Championships | G61: TRACK | H61: CM | I61: No | J61: No | K61: No | L61: =COUNTIF(Results!$A$2:$A$482,A61) -> 3 | M61: =SUMIFS(Results!$M$2:$M$482,Results!$A$2:$A$482,A61) -> 1 | N61: =IF(COUNTIFS(Results!$A$2:$A$482,A61,Results!$G$2:$G$482,">0")=0,"",_xlfn.MINIFS(Results!$G$2:$G$482,Results!$A$2:$A$482,A61,Results!$G$2:$G$482,">0")) -> 15 | O61: =COUNTIFS(Results!$A$2:$A$482,A61,Results!$G$2:$G$482,1) -> 0 | P61: =IF(K61="Yes","Training",IF(L61>0,"Results found",IF(AND(B61<>"",B61>Summary!$B$4),"Upcoming","No team result found"))) -> Results found | Q61: Raced for Poland.
A62: X11 | B62: 46254 | C62: 46254 | D62: GP Lucien Van Impe | F62: BEL | G62: ROAD | H62: 1.Pro | I62: No | J62: No | K62: No | L62: =COUNTIF(Results!$A$2:$A$482,A62) -> 6 | M62: =SUMIFS(Results!$M$2:$M$482,Results!$A$2:$A$482,A62) -> 6 | N62: =IF(COUNTIFS(Results!$A$2:$A$482,A62,Results!$G$2:$G$482,">0")=0,"",_xlfn.MINIFS(Results!$G$2:$G$482,Results!$A$2:$A$482,A62,Results!$G$2:$G$482,">0")) -> 14 | O62: =COUNTIFS(Results!$A$2:$A$482,A62,Results!$G$2:$G$482,1) -> 0 | P62: =IF(K62="Yes","Training",IF(L62>0,"Results found",IF(AND(B62<>"",B62>Summary!$B$4),"Upcoming","No team result found"))) -> Results found
A63: X12 | B63: 46255 | C63: 46255 | D63: Konvert Kortrijk Koerse | E63: Kortrijk | F63: BEL | G63: ROAD | H63: 1.1 | I63: No | J63: No | K63: No | L63: =COUNTIF(Results!$A$2:$A$482,A63) -> 6 | M63: =SUMIFS(Results!$M$2:$M$482,Results!$A$2:$A$482,A63) -> 6 | N63: =IF(COUNTIFS(Results!$A$2:$A$482,A63,Results!$G$2:$G$482,">0")=0,"",_xlfn.MINIFS(Results!$G$2:$G$482,Results!$A$2:$A$482,A63,Results!$G$2:$G$482,">0")) -> 9 | O63: =COUNTIFS(Results!$A$2:$A$482,A63,Results!$G$2:$G$482,1) -> 0 | P63: =IF(K63="Yes","Training",IF(L63>0,"Results found",IF(AND(B63<>"",B63>Summary!$B$4),"Upcoming","No team result found"))) -> Results found
A64: X13 | B64: 46260 | C64: 46260 | D64: Druivenkoers – Overijse (juniors) | E64: Overijse | F64: BEL | G64: ROAD | H64: 1.1 | I64: No | J64: No | K64: No | L64: =COUNTIF(Results!$A$2:$A$482,A64) -> 6 | M64: =SUMIFS(Results!$M$2:$M$482,Results!$A$2:$A$482,A64) -> 6 | N64: =IF(COUNTIFS(Results!$A$2:$A$482,A64,Results!$G$2:$G$482,">0")=0,"",_xlfn.MINIFS(Results!$G$2:$G$482,Results!$A$2:$A$482,A64,Results!$G$2:$G$482,">0")) -> 6 | O64: =COUNTIFS(Results!$A$2:$A$482,A64,Results!$G$2:$G$482,1) -> 0 | P64: =IF(K64="Yes","Training",IF(L64>0,"Results found",IF(AND(B64<>"",B64>Summary!$B$4),"Upcoming","No team result found"))) -> Results found
A65: X14 | B65: 46287 | C65: 46290 | D65: UCI Road World Championships | E65: Montréal | F65: CAN | G65: ROAD | H65: CM | I65: No | J65: No | K65: No | L65: =COUNTIF(Results!$A$2:$A$482,A65) -> 6 | M65: =SUMIFS(Results!$M$2:$M$482,Results!$A$2:$A$482,A65) -> 4 | N65: =IF(COUNTIFS(Results!$A$2:$A$482,A65,Results!$G$2:$G$482,">0")=0,"",_xlfn.MINIFS(Results!$G$2:$G$482,Results!$A$2:$A$482,A65,Results!$G$2:$G$482,">0")) -> 22 | O65: =COUNTIFS(Results!$A$2:$A$482,A65,Results!$G$2:$G$482,1) -> 0 | P65: =IF(K65="Yes","Training",IF(L65>0,"Results found",IF(AND(B65<>"",B65>Summary!$B$4),"Upcoming","No team result found"))) -> Results found | Q65: Raced for their national teams.
A66: X15 | B66: 46292 | C66: 46292 | D66: Youth Polish Track Championships – non-Olympic events (MMP) | F66: POL | G66: TRACK | H66: NCh. | I66: No | J66: Yes | K66: No | L66: =COUNTIF(Results!$A$2:$A$482,A66) -> 12 | M66: =SUMIFS(Results!$M$2:$M$482,Results!$A$2:$A$482,A66) -> 4 | N66: =IF(COUNTIFS(Results!$A$2:$A$482,A66,Results!$G$2:$G$482,">0")=0,"",_xlfn.MINIFS(Results!$G$2:$G$482,Results!$A$2:$A$482,A66,Results!$G$2:$G$482,">0")) -> 1 | O66: =COUNTIFS(Results!$A$2:$A$482,A66,Results!$G$2:$G$482,1) -> 9 | P66: =IF(K66="Yes","Training",IF(L66>0,"Results found",IF(AND(B66<>"",B66>Summary!$B$4),"Upcoming","No team result found"))) -> Results found | Q66: Exact dates not in source (report 28 Sep).
A67: X16 | D67: Polish MTB Marathon Championships | F67: POL | G67: MTB | H67: NCh. | I67: No | J67: Yes | K67: No | L67: =COUNTIF(Results!$A$2:$A$482,A67) -> 3 | M67: =SUMIFS(Results!$M$2:$M$482,Results!$A$2:$A$482,A67) -> 2 | N67: =IF(COUNTIFS(Results!$A$2:$A$482,A67,Results!$G$2:$G$482,">0")=0,"",_xlfn.MINIFS(Results!$G$2:$G$482,Results!$A$2:$A$482,A67,Results!$G$2:$G$482,">0")) -> 1 | O67: =COUNTIFS(Results!$A$2:$A$482,A67,Results!$G$2:$G$482,1) -> 1 | P67: =IF(K67="Yes","Training",IF(L67>0,"Results found",IF(AND(B67<>"",B67>Summary!$B$4),"Upcoming","No team result found"))) -> Results found | Q67: Date not in source (team Instagram post).

Sheet Results
A1: Event ID | B1: Date | C1: Event | D1: Stage / discipline | E1: Category | F1: Rider | G1: Position | H1: Status | I1: Notes | J1: Source | K1: National championship | L1: Checked by team | M1: Rider×event first row | N1: Country | O1: Title (first row) | P1: Medal (first row)
A2: E07 | B2: 46085 | C2: =IF(A2="","",IFERROR(INDEX(Events!$D$2:$D$67,MATCH(A2,Events!$A$2:$A$67,0)),"Unknown event ID")) -> UMAG Classic Ladies | D2: One-day race | E2: Elite | F2: Olga Wankiewicz | G2: 13 | H2: Classified | J2: https://cyclingflash.com/profile/olga-wankiewicz | K2: =IF(A2="","",IFERROR(IF(INDEX(Events!$J$2:$J$67,MATCH(A2,Events!$A$2:$A$67,0))="Yes",IF(ISNUMBER(SEARCH("Criterium final",D2)),"No","Yes"),"No"),"")) -> No | M2: =IF(OR(A2="",F2=""),0,IF(COUNTIFS($A$2:A2,A2,$F$2:F2,F2)=1,1,0)) -> 1 | N2: =IF(A2="","",IFERROR(INDEX(Events!$F$2:$F$67,MATCH(A2,Events!$A$2:$A$67,0)),"")) -> CRO | O2: =IF(AND(G2=1,K2="Yes",N2="POL"),IF(COUNTIFS($A$2:A2,A2,$D$2:D2,D2,$E$2:E2,E2,$G$2:G2,1)=1,1,0),0) -> 0 | P2: =IF(AND(ISNUMBER(G2),K2="Yes",N2="POL"),IF(AND(G2>=1,G2<=3,COUNTIFS($A$2:A2,A2,$D$2:D2,D2,$E$2:E2,E2,$G$2:G2,G2)=1),1,0),0) -> 0
A3: E09 | B3: 46089 | C3: =IF(A3="","",IFERROR(INDEX(Events!$D$2:$D$67,MATCH(A3,Events!$A$2:$A$67,0)),"Unknown event ID")) -> POREČ Classic Ladies | D3: One-day race | E3: Elite | F3: Olga Wankiewicz | G3: 2 | H3: Classified | J3: https://cyclingflash.com/profile/olga-wankiewicz | K3: =IF(A3="","",IFERROR(IF(INDEX(Events!$J$2:$J$67,MATCH(A3,Events!$A$2:$A$67,0))="Yes",IF(ISNUMBER(SEARCH("Criterium final",D3)),"No","Yes"),"No"),"")) -> No | M3: =IF(OR(A3="",F3=""),0,IF(COUNTIFS($A$2:A3,A3,$F$2:F3,F3)=1,1,0)) -> 1 | N3: =IF(A3="","",IFERROR(INDEX(Events!$F$2:$F$67,MATCH(A3,Events!$A$2:$A$67,0)),"")) -> CRO | O3: =IF(AND(G3=1,K3="Yes",N3="POL"),IF(COUNTIFS($A$2:A3,A3,$D$2:D3,D3,$E$2:E3,E3,$G$2:G3,1)=1,1,0),0) -> 0 | P3: =IF(AND(ISNUMBER(G3),K3="Yes",N3="POL"),IF(AND(G3>=1,G3<=3,COUNTIFS($A$2:A3,A3,$D$2:D3,D3,$E$2:E3,E3,$G$2:G3,G3)=1),1,0),0) -> 0
A4: E10 | B4: 46103 | C4: =IF(A4="","",IFERROR(INDEX(Events!$D$2:$D$67,MATCH(A4,Events!$A$2:$A$67,0)),"Unknown event ID")) -> Midwest Cycling Classic | D4: One-day race | E4: Elite | F4: Olga Wankiewicz | G4: 9 | H4: Classified | J4: https://cyclingflash.com/profile/olga-wankiewicz | K4: =IF(A4="","",IFERROR(IF(INDEX(Events!$J$2:$J$67,MATCH(A4,Events!$A$2:$A$67,0))="Yes",IF(ISNUMBER(SEARCH("Criterium final",D4)),"No","Yes"),"No"),"")) -> No | M4: =IF(OR(A4="",F4=""),0,IF(COUNTIFS($A$2:A4,A4,$F$2:F4,F4)=1,1,0)) -> 1 | N4: =IF(A4="","",IFERROR(INDEX(Events!$F$2:$F$67,MATCH(A4,Events!$A$2:$A$67,0)),"")) -> BEL | O4: =IF(AND(G4=1,K4="Yes",N4="POL"),IF(COUNTIFS($A$2:A4,A4,$D$2:D4,D4,$E$2:E4,E4,$G$2:G4,1)=1,1,0),0) -> 0 | P4: =IF(AND(ISNUMBER(G4),K4="Yes",N4="POL"),IF(AND(G4>=1,G4<=3,COUNTIFS($A$2:A4,A4,$D$2:D4,D4,$E$2:E4,E4,$G$2:G4,G4)=1),1,0),0) -> 0
A5: E12 | B5: 46116 | C5: =IF(A5="","",IFERROR(INDEX(Events!$D$2:$D$67,MATCH(A5,Events!$A$2:$A$67,0)),"Unknown event ID")) -> NXT Classic | D5: One-day race | E5: Elite | F5: Olga Wankiewicz | G5: 21 | H5: Classified | J5: https://cyclingflash.com/profile/olga-wankiewicz | K5: =IF(A5="","",IFERROR(IF(INDEX(Events!$J$2:$J$67,MATCH(A5,Events!$A$2:$A$67,0))="Yes",IF(ISNUMBER(SEARCH("Criterium final",D5)),"No","Yes"),"No"),"")) -> No | M5: =IF(OR(A5="",F5=""),0,IF(COUNTIFS($A$2:A5,A5,$F$2:F5,F5)=1,1,0)) -> 1 | N5: =IF(A5="","",IFERROR(INDEX(Events!$F$2:$F$67,MATCH(A5,Events!$A$2:$A$67,0)),"")) -> NED | O5: =IF(AND(G5=1,K5="Yes",N5="POL"),IF(COUNTIFS($A$2:A5,A5,$D$2:D5,D5,$E$2:E5,E5,$G$2:G5,1)=1,1,0),0) -> 0 | P5: =IF(AND(ISNUMBER(G5),K5="Yes",N5="POL"),IF(AND(G5>=1,G5<=3,COUNTIFS($A$2:A5,A5,$D$2:D5,D5,$E$2:E5,E5,$G$2:G5,G5)=1),1,0),0) -> 0
A6: E13 | B6: 46118 | C6: =IF(A6="","",IFERROR(INDEX(Events!$D$2:$D$67,MATCH(A6,Events!$A$2:$A$67,0)),"Unknown event ID")) -> Ronde de Mouscron | D6: One-day race | E6: Elite | F6: Olga Wankiewicz | G6: 7 | H6: Classified | J6: https://cyclingflash.com/profile/olga-wankiewicz | K6: =IF(A6="","",IFERROR(IF(INDEX(Events!$J$2:$J$67,MATCH(A6,Events!$A$2:$A$67,0))="Yes",IF(ISNUMBER(SEARCH("Criterium final",D6)),"No","Yes"),"No"),"")) -> No | M6: =IF(OR(A6="",F6=""),0,IF(COUNTIFS($A$2:A6,A6,$F$2:F6,F6)=1,1,0)) -> 1 | N6: =IF(A6="","",IFERROR(INDEX(Events!$F$2:$F$67,MATCH(A6,Events!$A$2:$A$67,0)),"")) -> BEL | O6: =IF(AND(G6=1,K6="Yes",N6="POL"),IF(COUNTIFS($A$2:A6,A6,$D$2:D6,D6,$E$2:E6,E6,$G$2:G6,1)=1,1,0),0) -> 0 | P6: =IF(AND(ISNUMBER(G6),K6="Yes",N6="POL"),IF(AND(G6>=1,G6<=3,COUNTIFS($A$2:A6,A6,$D$2:D6,D6,$E$2:E6,E6,$G$2:G6,G6)=1),1,0),0) -> 0
A7: E15 | B7: 46124 | C7: =IF(A7="","",IFERROR(INDEX(Events!$D$2:$D$67,MATCH(A7,Events!$A$2:$A$67,0)),"Unknown event ID")) -> Ślężański Mnich | D7: Road race | E7: Elite | F7: Olga Wankiewicz | G7: 3 | H7: Classified | J7: https://naszosie.pl/2026/04/12/slezanski-mnich-2026-mat-atom-deweloper-wroclaw-zgarnia-cale-podium/ | K7: =IF(A7="","",IFERROR(IF(INDEX(Events!$J$2:$J$67,MATCH(A7,Events!$A$2:$A$67,0))="Yes",IF(ISNUMBER(SEARCH("Criterium final",D7)),"No","Yes"),"No"),"")) -> No | M7: =IF(OR(A7="",F7=""),0,IF(COUNTIFS($A$2:A7,A7,$F$2:F7,F7)=1,1,0)) -> 1 | N7: =IF(A7="","",IFERROR(INDEX(Events!$F$2:$F$67,MATCH(A7,Events!$A$2:$A$67,0)),"")) -> POL | O7: =IF(AND(G7=1,K7="Yes",N7="POL"),IF(COUNTIFS($A$2:A7,A7,$D$2:D7,D7,$E$2:E7,E7,$G$2:G7,1)=1,1,0),0) -> 0 | P7: =IF(AND(ISNUMBER(G7),K7="Yes",N7="POL"),IF(AND(G7>=1,G7<=3,COUNTIFS($A$2:A7,A7,$D$2:D7,D7,$E$2:E7,E7,$G$2:G7,G7)=1),1,0),0) -> 0
A8: X02 | B8: 46129 | C8: =IF(A8="","",IFERROR(INDEX(Events!$D$2:$D$67,MATCH(A8,Events!$A$2:$A$67,0)),"Unknown event ID")) -> UCI Track Nations Cup – Hong Kong | D8: Team pursuit | E8: Elite | F8: Olga Wankiewicz | G8: 9 | H8: Classified | J8: https://cyclingflash.com/profile/olga-wankiewicz | K8: =IF(A8="","",IFERROR(IF(INDEX(Events!$J$2:$J$67,MATCH(A8,Events!$A$2:$A$67,0))="Yes",IF(ISNUMBER(SEARCH("Criterium final",D8)),"No","Yes"),"No"),"")) -> No | M8: =IF(OR(A8="",F8=""),0,IF(COUNTIFS($A$2:A8,A8,$F$2:F8,F8)=1,1,0)) -> 1 | N8: =IF(A8="","",IFERROR(INDEX(Events!$F$2:$F$67,MATCH(A8,Events!$A$2:$A$67,0)),"")) -> HKG | O8: =IF(AND(G8=1,K8="Yes",N8="POL"),IF(COUNTIFS($A$2:A8,A8,$D$2:D8,D8,$E$2:E8,E8,$G$2:G8,1)=1,1,0),0) -> 0 | P8: =IF(AND(ISNUMBER(G8),K8="Yes",N8="POL"),IF(AND(G8>=1,G8<=3,COUNTIFS($A$2:A8,A8,$D$2:D8,D8,$E$2:E8,E8,$G$2:G8,G8)=1),1,0),0) -> 0
A9: X02 | B9: 46130 | C9: =IF(A9="","",IFERROR(INDEX(Events!$D$2:$D$67,MATCH(A9,Events!$A$2:$A$67,0)),"Unknown event ID")) -> UCI Track Nations Cup – Hong Kong | D9: Madison | E9: Elite | F9: Olga Wankiewicz | G9: 10 | H9: Classified | J9: https://cyclingflash.com/profile/olga-wankiewicz | K9: =IF(A9="","",IFERROR(IF(INDEX(Events!$J$2:$J$67,MATCH(A9,Events!$A$2:$A$67,0))="Yes",IF(ISNUMBER(SEARCH("Criterium final",D9)),"No","Yes"),"No"),"")) -> No | M9: =IF(OR(A9="",F9=""),0,IF(COUNTIFS($A$2:A9,A9,$F$2:F9,F9)=1,1,0)) -> 0 | N9: =IF(A9="","",IFERROR(INDEX(Events!$F$2:$F$67,MATCH(A9,Events!$A$2:$A$67,0)),"")) -> HKG | O9: =IF(AND(G9=1,K9="Yes",N9="POL"),IF(COUNTIFS($A$2:A9,A9,$D$2:D9,D9,$E$2:E9,E9,$G$2:G9,1)=1,1,0),0) -> 0 | P9: =IF(AND(ISNUMBER(G9),K9="Yes",N9="POL"),IF(AND(G9>=1,G9<=3,COUNTIFS($A$2:A9,A9,$D$2:D9,D9,$E$2:E9,E9,$G$2:G9,G9)=1),1,0),0) -> 0
A10: X02 | B10: 46131 | C10: =IF(A10="","",IFERROR(INDEX(Events!$D$2:$D$67,MATCH(A10,Events!$A$2:$A$67,0)),"Unknown event ID")) -> UCI Track Nations Cup – Hong Kong | D10: Omnium | E10: Elite | F10: Olga Wankiewicz | G10: 13 | H10: Classified | J10: https://cyclingflash.com/profile/olga-wankiewicz | K10: =IF(A10="","",IFERROR(IF(INDEX(Events!$J$2:$J$67,MATCH(A10,Events!$A$2:$A$67,0))="Yes",IF(ISNUMBER(SEARCH("Criterium final",D10)),"No","Yes"),"No"),"")) -> No | M10: =IF(OR(A10="",F10=""),0,IF(COUNTIFS($A$2:A10,A10,$F$2:F10,F10)=1,1,0)) -> 0 | N10: =IF(A10="","",IFERROR(INDEX(Events!$F$2:$F$67,MATCH(A10,Events!$A$2:$A$67,0)),"")) -> HKG | O10: =IF(AND(G10=1,K10="Yes",N10="POL"),IF(COUNTIFS($A$2:A10,A10,$D$2:D10,D10,$E$2:E10,E10,$G$2:G10,1)=1,1,0),0) -> 0 | P10: =IF(AND(ISNUMBER(G10),K10="Yes",N10="POL"),IF(AND(G10>=1,G10<=3,COUNTIFS($A$2:A10,A10,$D$2:D10,D10,$E$2:E10,E10,$G$2:G10,G10)=1),1,0),0) -> 0
A11: X03 | B11: 46136 | C11: =IF(A11="","",IFERROR(INDEX(Events!$D$2:$D$67,MATCH(A11,Events!$A$2:$A$67,0)),"Unknown event ID")) -> UCI Track Nations Cup – Nilai | D11: Team pursuit | E11: Elite | F11: Olga Wankiewicz | G11: 8 | H11: Classified | J11: https://cyclingflash.com/profile/olga-wankiewicz | K11: =IF(A11="","",IFERROR(IF(INDEX(Events!$J$2:$J$67,MATCH(A11,Events!$A$2:$A$67,0))="Yes",IF(ISNUMBER(SEARCH("Criterium final",D11)),"No","Yes"),"No"),"")) -> No | M11: =IF(OR(A11="",F11=""),0,IF(COUNTIFS($A$2:A11,A11,$F$2:F11,F11)=1,1,0)) -> 1 | N11: =IF(A11="","",IFERROR(INDEX(Events!$F$2:$F$67,MATCH(A11,Events!$A$2:$A$67,0)),"")) -> MAS | O11: =IF(AND(G11=1,K11="Yes",N11="POL"),IF(COUNTIFS($A$2:A11,A11,$D$2:D11,D11,$E$2:E11,E11,$G$2:G11,1)=1,1,0),0) -> 0 | P11: =IF(AND(ISNUMBER(G11),K11="Yes",N11="POL"),IF(AND(G11>=1,G11<=3,COUNTIFS($A$2:A11,A11,$D$2:D11,D11,$E$2:E11,E11,$G$2:G11,G11)=1),1,0),0) -> 0
A12: X03 | B12: 46137 | C12: =IF(A12="","",IFERROR(INDEX(Events!$D$2:$D$67,MATCH(A12,Events!$A$2:$A$67,0)),"Unknown event ID")) -> UCI Track Nations Cup – Nilai | D12: Madison | E12: Elite | F12: Olga Wankiewicz | G12: 9 | H12: Classified | J12: https://cyclingflash.com/profile/olga-wankiewicz | K12: =IF(A12="","",IFERROR(IF(INDEX(Events!$J$2:$J$67,MATCH(A12,Events!$A$2:$A$67,0))="Yes",IF(ISNUMBER(SEARCH("Criterium final",D12)),"No","Yes"),"No"),"")) -> No | M12: =IF(OR(A12="",F12=""),0,IF(COUNTIFS($A$2:A12,A12,$F$2:F12,F12)=1,1,0)) -> 0 | N12: =IF(A12="","",IFERROR(INDEX(Events!$F$2:$F$67,MATCH(A12,Events!$A$2:$A$67,0)),"")) -> MAS | O12: =IF(AND(G12=1,K12="Yes",N12="POL"),IF(COUNTIFS($A$2:A12,A12,$D$2:D12,D12,$E$2:E12,E12,$G$2:G12,1)=1,1,0),0) -> 0 | P12: =IF(AND(ISNUMBER(G12),K12="Yes",N12="POL"),IF(AND(G12>=1,G12<=3,COUNTIFS($A$2:A12,A12,$D$2:D12,D12,$E$2:E12,E12,$G$2:G12,G12)=1),1,0),0) -> 0
A13: X03 | B13: 46138 | C13: =IF(A13="","",IFERROR(INDEX(Events!$D$2:$D$67,MATCH(A13,Events!$A$2:$A$67,0)),"Unknown event ID")) -> UCI Track Nations Cup – Nilai | D13: Omnium | E13: Elite | F13: Olga Wankiewicz | G13: 13 | H13: Classified | J13: https://cyclingflash.com/profile/olga-wankiewicz | K13: =IF(A13="","",IFERROR(IF(INDEX(Events!$J$2:$J$67,MATCH(A13,Events!$A$2:$A$67,0))="Yes",IF(ISNUMBER(SEARCH("Criterium final",D13)),"No","Yes"),"No"),"")) -> No | M13: =IF(OR(A13="",F13=""),0,IF(COUNTIFS($A$2:A13,A13,$F$2:F13,F13)=1,1,0)) -> 0 | N13: =IF(A13="","",IFERROR(INDEX(Events!$F$2:$F$67,MATCH(A13,Events!$A$2:$A$67,0)),"")) -> MAS | O13: =IF(AND(G13=1,K13="Yes",N13="POL"),IF(COUNTIFS($A$2:A13,A13,$D$2:D13,D13,$E$2:E13,E13,$G$2:G13,1)=1,1,0),0) -> 0 | P13: =IF(AND(ISNUMBER(G13),K13="Yes",N13="POL"),IF(AND(G13>=1,G13<=3,COUNTIFS($A$2:A13,A13,$D$2:D13,D13,$E$2:E13,E13,$G$2:G13,G13)=1),1,0),0) -> 0
... A26: E36 | B26: 46229 | C26: =IF(A26="","",IFERROR(INDEX(Events!$D$2:$D$67,MATCH(A26,Events!$A$2:$A$67,0)),"Unknown event ID")) -> Tour de Pologne Women | D26: General classification (final) | E26: Elite | F26: Olga Wankiewicz | G26: 9 | H26: Classified | J26: https://cyclingflash.com/profile/olga-wankiewicz | K26: =IF(A26="","",IFERROR(IF(INDEX(Events!$J$2:$J$67,MATCH(A26,Events!$A$2:$A$67,0))="Yes",IF(ISNUMBER(SEARCH("Criterium final",D26)),"No","Yes"),"No"),"")) -> No | M26: =IF(OR(A26="",F26=""),0,IF(COUNTIFS($A$2:A26,A26,$F$2:F26,F26)=1,1,0)) -> 0 | N26: =IF(A26="","",IFERROR(INDEX(Events!$F$2:$F$67,MATCH(A26,Events!$A$2:$A$67,0)),"")) -> POL | O26: =IF(AND(G26=1,K26="Yes",N26="POL"),IF(COUNTIFS($A$2:A26,A26,$D$2:D26,D26,$E$2:E26,E26,$G$2:G26,1)=1,1,0),0) -> 0 | P26: =IF(AND(ISNUMBER(G26),K26="Yes",N26="POL"),IF(AND(G26>=1,G26<=3,COUNTIFS($A$2:A26,A26,$D$2:D26,D26,$E$2:E26,E26,$G$2:G26,G26)=1),1,0),0) -> 0
A27: E40 | B27: 46235 | C27: =IF(A27="","",IFERROR(INDEX(Events!$D$2:$D$67,MATCH(A27,Events!$A$2:$A$67,0)),"Unknown event ID")) -> Polish Elite Track Championships | D27: Team pursuit | E27: Elite | F27: Olga Wankiewicz | G27: 1 | H27: Classified | I27: With Kaczmarczyk, Tracka, Sipko, Szczęsna | J27: https://naszosie.pl/2026/08/02/mistrzostwa-polski-elity-w-kolarstwie-torowym-2026-wyniki-z-1-dnia/ | K27: =IF(A27="","",IFERROR(IF(INDEX(Events!$J$2:$J$67,MATCH(A27,Events!$A$2:$A$67,0))="Yes",IF(ISNUMBER(SEARCH("Criterium final",D27)),"No","Yes"),"No"),"")) -> Yes | M27: =IF(OR(A27="",F27=""),0,IF(COUNTIFS($A$2:A27,A27,$F$2:F27,F27)=1,1,0)) -> 1 | N27: =IF(A27="","",IFERROR(INDEX(Events!$F$2:$F$67,MATCH(A27,Events!$A$2:$A$67,0)),"")) -> POL | O27: =IF(AND(G27=1,K27="Yes",N27="POL"),IF(COUNTIFS($A$2:A27,A27,$D$2:D27,D27,$E$2:E27,E27,$G$2:G27,1)=1,1,0),0) -> 1 | P27: =IF(AND(ISNUMBER(G27),K27="Yes",N27="POL"),IF(AND(G27>=1,G27<=3,COUNTIFS($A$2:A27,A27,$D$2:D27,D27,$E$2:E27,E27,$G$2:G27,G27)=1),1,0),0) -> 1
A28: E40 | B28: 46236 | C28: =IF(A28="","",IFERROR(INDEX(Events!$D$2:$D$67,MATCH(A28,Events!$A$2:$A$67,0)),"Unknown event ID")) -> Polish Elite Track Championships | D28: Elimination race | E28: Elite | F28: Olga Wankiewicz | G28: 3 | H28: Classified | J28: https://naszosie.pl/2026/08/02/mistrzostwa-polski-elity-w-kolarstwie-torowym-wyniki-z-2-dnia/ | K28: =IF(A28="","",IFERROR(IF(INDEX(Events!$J$2:$J$67,MATCH(A28,Events!$A$2:$A$67,0))="Yes",IF(ISNUMBER(SEARCH("Criterium final",D28)),"No","Yes"),"No"),"")) -> Yes | M28: =IF(OR(A28="",F28=""),0,IF(COUNTIFS($A$2:A28,A28,$F$2:F28,F28)=1,1,0)) -> 0 | N28: =IF(A28="","",IFERROR(INDEX(Events!$F$2:$F$67,MATCH(A28,Events!$A$2:$A$67,0)),"")) -> POL | O28: =IF(AND(G28=1,K28="Yes",N28="POL"),IF(COUNTIFS($A$2:A28,A28,$D$2:D28,D28,$E$2:E28,E28,$G$2:G28,1)=1,1,0),0) -> 0 | P28: =IF(AND(ISNUMBER(G28),K28="Yes",N28="POL"),IF(AND(G28>=1,G28<=3,COUNTIFS($A$2:A28,A28,$D$2:D28,D28,$E$2:E28,E28,$G$2:G28,G28)=1),1,0),0) -> 1
A29: E40 | B29: 46237 | C29: =IF(A29="","",IFERROR(INDEX(Events!$D$2:$D$67,MATCH(A29,Events!$A$2:$A$67,0)),"Unknown event ID")) -> Polish Elite Track Championships | D29: Madison | E29: Elite | F29: Olga Wankiewicz | G29: 2 | H29: Classified | I29: With Szczęsna | J29: https://naszosie.pl/2026/08/03/mistrzostwa-polski-elity-w-kolarstwie-torowym-2026-wyniki-z-3-dnia/ | K29: =IF(A29="","",IFERROR(IF(INDEX(Events!$J$2:$J$67,MATCH(A29,Events!$A$2:$A$67,0))="Yes",IF(ISNUMBER(SEARCH("Criterium final",D29)),"No","Yes"),"No"),"")) -> Yes | M29: =IF(OR(A29="",F29=""),0,IF(COUNTIFS($A$2:A29,A29,$F$2:F29,F29)=1,1,0)) -> 0 | N29: =IF(A29="","",IFERROR(INDEX(Events!$F$2:$F$67,MATCH(A29,Events!$A$2:$A$67,0)),"")) -> POL | O29: =IF(AND(G29=1,K29="Yes",N29="POL"),IF(COUNTIFS($A$2:A29,A29,$D$2:D29,D29,$E$2:E29,E29,$G$2:G29,1)=1,1,0),0) -> 0 | P29: =IF(AND(ISNUMBER(G29),K29="Yes",N29="POL"),IF(AND(G29>=1,G29<=3,COUNTIFS($A$2:A29,A29,$D$2:D29,D29,$E$2:E29,E29,$G$2:G29,G29)=1),1,0),0) -> 1
A30: X11 | B30: 46254 | C30: =IF(A30="","",IFERROR(INDEX(Events!$D$2:$D$67,MATCH(A30,Events!$A$2:$A$67,0)),"Unknown event ID")) -> GP Lucien Van Impe | D30: One-day race | E30: Elite | F30: Olga Wankiewicz | G30: 14 | H30: Classified | J30: https://cyclingflash.com/profile/olga-wankiewicz | K30: =IF(A30="","",IFERROR(IF(INDEX(Events!$J$2:$J$67,MATCH(A30,Events!$A$2:$A$67,0))="Yes",IF(ISNUMBER(SEARCH("Criterium final",D30)),"No","Yes"),"No"),"")) -> No | M30: =IF(OR(A30="",F30=""),0,IF(COUNTIFS($A$2:A30,A30,$F$2:F30,F30)=1,1,0)) -> 1 | N30: =IF(A30="","",IFERROR(INDEX(Events!$F$2:$F$67,MATCH(A30,Events!$A$2:$A$67,0)),"")) -> BEL | O30: =IF(AND(G30=1,K30="Yes",N30="POL"),IF(COUNTIFS($A$2:A30,A30,$D$2:D30,D30,$E$2:E30,E30,$G$2:G30,1)=1,1,0),0) -> 0 | P30: =IF(AND(ISNUMBER(G30),K30="Yes",N30="POL"),IF(AND(G30>=1,G30<=3,COUNTIFS($A$2:A30,A30,$D$2:D30,D30,$E$2:E30,E30,$G$2:G30,G30)=1),1,0),0) -> 0
A31: X12 | B31: 46255 | C31: =IF(A31="","",IFERROR(INDEX(Events!$D$2:$D$67,MATCH(A31,Events!$A$2:$A$67,0)),"Unknown event ID")) -> Konvert Kortrijk Koerse | D31: One-day race | E31: Elite | F31: Olga Wankiewicz | G31: 9 | H31: Classified | J31: https://cyclingflash.com/profile/olga-wankiewicz | K31: =IF(A31="","",IFERROR(IF(INDEX(Events!$J$2:$J$67,MATCH(A31,Events!$A$2:$A$67,0))="Yes",IF(ISNUMBER(SEARCH("Criterium final",D31)),"No","Yes"),"No"),"")) -> No | M31: =IF(OR(A31="",F31=""),0,IF(COUNTIFS($A$2:A31,A31,$F$2:F31,F31)=1,1,0)) -> 1 | N31: =IF(A31="","",IFERROR(INDEX(Events!$F$2:$F$67,MATCH(A31,Events!$A$2:$A$67,0)),"")) -> BEL | O31: =IF(AND(G31=1,K31="Yes",N31="POL"),IF(COUNTIFS($A$2:A31,A31,$D$2:D31,D31,$E$2:E31,E31,$G$2:G31,1)=1,1,0),0) -> 0 | P31: =IF(AND(ISNUMBER(G31),K31="Yes",N31="POL"),IF(AND(G31>=1,G31<=3,COUNTIFS($A$2:A31,A31,$D$2:D31,D31,$E$2:E31,E31,$G$2:G31,G31)=1),1,0),0) -> 0
A32: E03 | B32: 46055 | C32: =IF(A32="","",IFERROR(INDEX(Events!$D$2:$D$67,MATCH(A32,Events!$A$2:$A$67,0)),"Unknown event ID")) -> UEC Track Elite European Championships | D32: Team pursuit | E32: Elite | F32: Tamara Szalińska | G32: 9 | H32: Classified | J32: https://cyclingflash.com/profile/tamara-szalinska | K32: =IF(A32="","",IFERROR(IF(INDEX(Events!$J$2:$J$67,MATCH(A32,Events!$A$2:$A$67,0))="Yes",IF(ISNUMBER(SEARCH("Criterium final",D32)),"No","Yes"),"No"),"")) -> No | M32: =IF(OR(A32="",F32=""),0,IF(COUNTIFS($A$2:A32,A32,$F$2:F32,F32)=1,1,0)) -> 1 | N32: =IF(A32="","",IFERROR(INDEX(Events!$F$2:$F$67,MATCH(A32,Events!$A$2:$A$67,0)),"")) -> TUR | O32: =IF(AND(G32=1,K32="Yes",N32="POL"),IF(COUNTIFS($A$2:A32,A32,$D$2:D32,D32,$E$2:E32,E32,$G$2:G32,1)=1,1,0),0) -> 0 | P32: =IF(AND(ISNUMBER(G32),K32="Yes",N32="POL"),IF(AND(G32>=1,G32<=3,COUNTIFS($A$2:A32,A32,$D$2:D32,D32,$E$2:E32,E32,$G$2:G32,G32)=1),1,0),0) -> 0
A33: E03 | B33: 46057 | C33: =IF(A33="","",IFERROR(INDEX(Events!$D$2:$D$67,MATCH(A33,Events!$A$2:$A$67,0)),"Unknown event ID")) -> UEC Track Elite European Championships | D33: Individual pursuit | E33: Elite | F33: Tamara Szalińska | G33: 17 | H33: Classified | J33: https://cyclingflash.com/profile/tamara-szalinska | K33: =IF(A33="","",IFERROR(IF(INDEX(Events!$J$2:$J$67,MATCH(A33,Events!$A$2:$A$67,0))="Yes",IF(ISNUMBER(SEARCH("Criterium final",D33)),"No","Yes"),"No"),"")) -> No | M33: =IF(OR(A33="",F33=""),0,IF(COUNTIFS($A$2:A33,A33,$F$2:F33,F33)=1,1,0)) -> 0 | N33: =IF(A33="","",IFERROR(INDEX(Events!$F$2:$F$67,MATCH(A33,Events!$A$2:$A$67,0)),"")) -> TUR | O33: =IF(AND(G33=1,K33="Yes",N33="POL"),IF(COUNTIFS($A$2:A33,A33,$D$2:D33,D33,$E$2:E33,E33,$G$2:G33,1)=1,1,0),0) -> 0 | P33: =IF(AND(ISNUMBER(G33),K33="Yes",N33="POL"),IF(AND(G33>=1,G33<=3,COUNTIFS($A$2:A33,A33,$D$2:D33,D33,$E$2:E33,E33,$G$2:G33,G33)=1),1,0),0) -> 0
A34: E07 | B34: 46085 | C34: =IF(A34="","",IFERROR(INDEX(Events!$D$2:$D$67,MATCH(A34,Events!$A$2:$A$67,0)),"Unknown event ID")) -> UMAG Classic Ladies | D34: One-day race | E34: Elite | F34: Tamara Szalińska | G34: 67 | H34: Classified | J34: https://cyclingflash.com/profile/tamara-szalinska | K34: =IF(A34="","",IFERROR(IF(INDEX(Events!$J$2:$J$67,MATCH(A34,Events!$A$2:$A$67,0))="Yes",IF(ISNUMBER(SEARCH("Criterium final",D34)),"No","Yes"),"No"),"")) -> No | M34: =IF(OR(A34="",F34=""),0,IF(COUNTIFS($A$2:A34,A34,$F$2:F34,F34)=1,1,0)) -> 1 | N34: =IF(A34="","",IFERROR(INDEX(Events!$F$2:$F$67,MATCH(A34,Events!$A$2:$A$67,0)),"")) -> CRO | O34: =IF(AND(G34=1,K34="Yes",N34="POL"),IF(COUNTIFS($A$2:A34,A34,$D$2:D34,D34,$E$2:E34,E34,$G$2:G34,1)=1,1,0),0) -> 0 | P34: =IF(AND(ISNUMBER(G34),K34="Yes",N34="POL"),IF(AND(G34>=1,G34<=3,COUNTIFS($A$2:A34,A34,$D$2:D34,D34,$E$2:E34,E34,$G$2:G34,G34)=1),1,0),0) -> 0
A35: E13 | B35: 46118 | C35: =IF(A35="","",IFERROR(INDEX(Events!$D$2:$D$67,MATCH(A35,Events!$A$2:$A$67,0)),"Unknown event ID")) -> Ronde de Mouscron | D35: One-day race | E35: Elite | F35: Tamara Szalińska | G35: 83 | H35: Classified | J35: https://cyclingflash.com/profile/tamara-szalinska | K35: =IF(A35="","",IFERROR(IF(INDEX(Events!$J$2:$J$67,MATCH(A35,Events!$A$2:$A$67,0))="Yes",IF(ISNUMBER(SEARCH("Criterium final",D35)),"No","Yes"),"No"),"")) -> No | M35: =IF(OR(A35="",F35=""),0,IF(COUNTIFS($A$2:A35,A35,$F$2:F35,F35)=1,1,0)) -> 1 | N35: =IF(A35="","",IFERROR(INDEX(Events!$F$2:$F$67,MATCH(A35,Events!$A$2:$A$67,0)),"")) -> BEL | O35: =IF(AND(G35=1,K35="Yes",N35="POL"),IF(COUNTIFS($A$2:A35,A35,$D$2:D35,D35,$E$2:E35,E35,$G$2:G35,1)=1,1,0),0) -> 0 | P35: =IF(AND(ISNUMBER(G35),K35="Yes",N35="POL"),IF(AND(G35>=1,G35<=3,COUNTIFS($A$2:A35,A35,$D$2:D35,D35,$E$2:E35,E35,$G$2:G35,G35)=1),1,0),0) -> 0
A36: E14 | B36: 46120 | C36: =IF(A36="","",IFERROR(INDEX(Events!$D$2:$D$67,MATCH(A36,Events!$A$2:$A$67,0)),"Unknown event ID")) -> Scheldeprijs Vrouwen Elite | D36: One-day race | E36: Elite | F36: Tamara Szalińska | G36: 61 | H36: Classified | J36: https://cyclingflash.com/profile/tamara-szalinska | K36: =IF(A36="","",IFERROR(IF(INDEX(Events!$J$2:$J$67,MATCH(A36,Events!$A$2:$A$67,0))="Yes",IF(ISNUMBER(SEARCH("Criterium final",D36)),"No","Yes"),"No"),"")) -> No | M36: =IF(OR(A36="",F36=""),0,IF(COUNTIFS($A$2:A36,A36,$F$2:F36,F36)=1,1,0)) -> 1 | N36: =IF(A36="","",IFERROR(INDEX(Events!$F$2:$F$67,MATCH(A36,Events!$A$2:$A$67,0)),"")) -> BEL | O36: =IF(AND(G36=1,K36="Yes",N36="POL"),IF(COUNTIFS($A$2:A36,A36,$D$2:D36,D36,$E$2:E36,E36,$G$2:G36,1)=1,1,0),0) -> 0 | P36: =IF(AND(ISNUMBER(G36),K36="Yes",N36="POL"),IF(AND(G36>=1,G36<=3,COUNTIFS($A$2:A36,A36,$D$2:D36,D36,$E$2:E36,E36,$G$2:G36,G36)=1),1,0),0) -> 0
A37: X02 | B37: 46129 | C37: =IF(A37="","",IFERROR(INDEX(Events!$D$2:$D$67,MATCH(A37,Events!$A$2:$A$67,0)),"Unknown event ID")) -> UCI Track Nations Cup – Hong Kong | D37: Team pursuit | E37: Elite | F37: Tamara Szalińska | G37: 9 | H37: Classified | J37: https://cyclingflash.com/profile/tamara-szalinska | K37: =IF(A37="","",IFERROR(IF(INDEX(Events!$J$2:$J$67,MATCH(A37,Events!$A$2:$A$67,0))="Yes",IF(ISNUMBER(SEARCH("Criterium final",D37)),"No","Yes"),"No"),"")) -> No | M37: =IF(OR(A37="",F37=""),0,IF(COUNTIFS($A$2:A37,A37,$F$2:F37,F37)=1,1,0)) -> 1 | N37: =IF(A37="","",IFERROR(INDEX(Events!$F$2:$F$67,MATCH(A37,Events!$A$2:$A$67,0)),"")) -> HKG | O37: =IF(AND(G37=1,K37="Yes",N37="POL"),IF(COUNTIFS($A$2:A37,A37,$D$2:D37,D37,$E$2:E37,E37,$G$2:G37,1)=1,1,0),0) -> 0 | P37: =IF(AND(ISNUMBER(G37),K37="Yes",N37="POL"),IF(AND(G37>=1,G37<=3,COUNTIFS($A$2:A37,A37,$D$2:D37,D37,$E$2:E37,E37,$G$2:G37,G37)=1),1,0),0) -> 0
A38: X03 | B38: 46136 | C38: =IF(A38="","",IFERROR(INDEX(Events!$D$2:$D$67,MATCH(A38,Events!$A$2:$A$67,0)),"Unknown event ID")) -> UCI Track Nations Cup – Nilai | D38: Team pursuit | E38: Elite | F38: Tamara Szalińska | G38: 8 | H38: Classified | J38: https://cyclingflash.com/profile/tamara-szalinska | K38: =IF(A38="","",IFERROR(IF(INDEX(Events!$J$2:$J$67,MATCH(A38,Events!$A$2:$A$67,0))="Yes",IF(ISNUMBER(SEARCH("Criterium final",D38)),"No","Yes"),"No"),"")) -> No | M38: =IF(OR(A38="",F38=""),0,IF(COUNTIFS($A$2:A38,A38,$F$2:F38,F38)=1,1,0)) -> 1 | N38: =IF(A38="","",IFERROR(INDEX(Events!$F$2:$F$67,MATCH(A38,Events!$A$2:$A$67,0)),"")) -> MAS | O38: =IF(AND(G38=1,K38="Yes",N38="POL"),IF(COUNTIFS($A$2:A38,A38,$D$2:D38,D38,$E$2:E38,E38,$G$2:G38,1)=1,1,0),0) -> 0 | P38: =IF(AND(ISNUMBER(G38),K38="Yes",N38="POL"),IF(AND(G38>=1,G38<=3,COUNTIFS($A$2:A38,A38,$D$2:D38,D38,$E$2:E38,E38,$G$2:G38,G38)=1),1,0),0) -> 0
A39: E25 | B39: 46156 | C39: =IF(A39="","",IFERROR(INDEX(Events!$D$2:$D$67,MATCH(A39,Events!$A$2:$A$67,0)),"Unknown event ID")) -> Tour de Feminin | D39: Stage 1 (TTT, 12 km) | E39: Elite | F39: Tamara Szalińska | G39: 7 | H39: Classified | J39: https://cyclingflash.com/profile/tamara-szalinska | K39: =IF(A39="","",IFERROR(IF(INDEX(Events!$J$2:$J$67,MATCH(A39,Events!$A$2:$A$67,0))="Yes",IF(ISNUMBER(SEARCH("Criterium final",D39)),"No","Yes"),"No"),"")) -> No | M39: =IF(OR(A39="",F39=""),0,IF(COUNTIFS($A$2:A39,A39,$F$2:F39,F39)=1,1,0)) -> 1 | N39: =IF(A39="","",IFERROR(INDEX(Events!$F$2:$F$67,MATCH(A39,Events!$A$2:$A$67,0)),"")) -> CZE | O39: =IF(AND(G39=1,K39="Yes",N39="POL"),IF(COUNTIFS($A$2:A39,A39,$D$2:D39,D39,$E$2:E39,E39,$G$2:G39,1)=1,1,0),0) -> 0 | P39: =IF(AND(ISNUMBER(G39),K39="Yes",N39="POL"),IF(AND(G39>=1,G39<=3,COUNTIFS($A$2:A39,A39,$D$2:D39,D39,$E$2:E39,E39,$G$2:G39,G39)=1),1,0),0) -> 0
A40: E25 | B40: 46157 | C40: =IF(A40="","",IFERROR(INDEX(Events!$D$2:$D$67,MATCH(A40,Events!$A$2:$A$67,0)),"Unknown event ID")) -> Tour de Feminin | D40: Stage 2 | E40: Elite | F40: Tamara Szalińska | G40: 74 | H40: Classified | J40: https://cyclingflash.com/profile/tamara-szalinska | K40: =IF(A40="","",IFERROR(IF(INDEX(Events!$J$2:$J$67,MATCH(A40,Events!$A$2:$A$67,0))="Yes",IF(ISNUMBER(SEARCH("Criterium final",D40)),"No","Yes"),"No"),"")) -> No | M40: =IF(OR(A40="",F40=""),0,IF(COUNTIFS($A$2:A40,A40,$F$2:F40,F40)=1,1,0)) -> 0 | N40: =IF(A40="","",IFERROR(INDEX(Events!$F$2:$F$67,MATCH(A40,Events!$A$2:$A$67,0)),"")) -> CZE | O40: =IF(AND(G40=1,K40="Yes",N40="POL"),IF(COUNTIFS($A$2:A40,A40,$D$2:D40,D40,$E$2:E40,E40,$G$2:G40,1)=1,1,0),0) -> 0 | P40: =IF(AND(ISNUMBER(G40),K40="Yes",N40="POL"),IF(AND(G40>=1,G40<=3,COUNTIFS($A$2:A40,A40,$D$2:D40,D40,$E$2:E40,E40,$G$2:G40,G40)=1),1,0),0) -> 0
A41: E25 | B41: 46158 | C41: =IF(A41="","",IFERROR(INDEX(Events!$D$2:$D$67,MATCH(A41,Events!$A$2:$A$67,0)),"Unknown event ID")) -> Tour de Feminin | D41: Stage 3 | E41: Elite | F41: Tamara Szalińska | G41: 64 | H41: Classified | J41: https://cyclingflash.com/profile/tamara-szalinska | K41: =IF(A41="","",IFERROR(IF(INDEX(Events!$J$2:$J$67,MATCH(A41,Events!$A$2:$A$67,0))="Yes",IF(ISNUMBER(SEARCH("Criterium final",D41)),"No","Yes"),"No"),"")) -> No | M41: =IF(OR(A41="",F41=""),0,IF(COUNTIFS($A$2:A41,A41,$F$2:F41,F41)=1,1,0)) -> 0 | N41: =IF(A41="","",IFERROR(INDEX(Events!$F$2:$F$67,MATCH(A41,Events!$A$2:$A$67,0)),"")) -> CZE | O41: =IF(AND(G41=1,K41="Yes",N41="POL"),IF(COUNTIFS($A$2:A41,A41,$D$2:D41,D41,$E$2:E41,E41,$G$2:G41,1)=1,1,0),0) -> 0 | P41: =IF(AND(ISNUMBER(G41),K41="Yes",N41="POL"),IF(AND(G41>=1,G41<=3,COUNTIFS($A$2:A41,A41,$D$2:D41,D41,$E$2:E41,E41,$G$2:G41,G41)=1),1,0),0) -> 0
... A48: E35 | B48: 46214 | C48: =IF(A48="","",IFERROR(INDEX(Events!$D$2:$D$67,MATCH(A48,Events!$A$2:$A$67,0)),"Unknown event ID")) -> Respect Ladies Race Slovakia | D48: One-day race | E48: Elite | F48: Tamara Szalińska | G48: 31 | H48: Classified | J48: https://cyclingflash.com/profile/tamara-szalinska | K48: =IF(A48="","",IFERROR(IF(INDEX(Events!$J$2:$J$67,MATCH(A48,Events!$A$2:$A$67,0))="Yes",IF(ISNUMBER(SEARCH("Criterium final",D48)),"No","Yes"),"No"),"")) -> No | M48: =IF(OR(A48="",F48=""),0,IF(COUNTIFS($A$2:A48,A48,$F$2:F48,F48)=1,1,0)) -> 1 | N48: =IF(A48="","",IFERROR(INDEX(Events!$F$2:$F$67,MATCH(A48,Events!$A$2:$A$67,0)),"")) -> SVK | O48: =IF(AND(G48=1,K48="Yes",N48="POL"),IF(COUNTIFS($A$2:A48,A48,$D$2:D48,D48,$E$2:E48,E48,$G$2:G48,1)=1,1,0),0) -> 0 | P48: =IF(AND(ISNUMBER(G48),K48="Yes",N48="POL"),IF(AND(G48>=1,G48<=3,COUNTIFS($A$2:A48,A48,$D$2:D48,D48,$E$2:E48,E48,$G$2:G48,G48)=1),1,0),0) -> 0
A49: E40 | B49: 46235 | C49: =IF(A49="","",IFERROR(INDEX(Events!$D$2:$D$67,MATCH(A49,Events!$A$2:$A$67,0)),"Unknown event ID")) -> Polish Elite Track Championships | D49: Team pursuit | E49: Elite | F49: Tamara Szalińska | G49: 2 | H49: Classified | I49: Second team squad | J49: https://naszosie.pl/2026/08/02/mistrzostwa-polski-elity-w-kolarstwie-torowym-2026-wyniki-z-1-dnia/ | K49: =IF(A49="","",IFERROR(IF(INDEX(Events!$J$2:$J$67,MATCH(A49,Events!$A$2:$A$67,0))="Yes",IF(ISNUMBER(SEARCH("Criterium final",D49)),"No","Yes"),"No"),"")) -> Yes | M49: =IF(OR(A49="",F49=""),0,IF(COUNTIFS($A$2:A49,A49,$F$2:F49,F49)=1,1,0)) -> 1 | N49: =IF(A49="","",IFERROR(INDEX(Events!$F$2:$F$67,MATCH(A49,Events!$A$2:$A$67,0)),"")) -> POL | O49: =IF(AND(G49=1,K49="Yes",N49="POL"),IF(COUNTIFS($A$2:A49,A49,$D$2:D49,D49,$E$2:E49,E49,$G$2:G49,1)=1,1,0),0) -> 0 | P49: =IF(AND(ISNUMBER(G49),K49="Yes",N49="POL"),IF(AND(G49>=1,G49<=3,COUNTIFS($A$2:A49,A49,$D$2:D49,D49,$E$2:E49,E49,$G$2:G49,G49)=1),1,0),0) -> 1
A50: E40 | B50: 46237 | C50: =IF(A50="","",IFERROR(INDEX(Events!$D$2:$D$67,MATCH(A50,Events!$A$2:$A$67,0)),"Unknown event ID")) -> Polish Elite Track Championships | D50: Points race | E50: Elite | F50: Tamara Szalińska | G50: 1 | H50: Classified | J50: https://naszosie.pl/2026/08/03/mistrzostwa-polski-elity-w-kolarstwie-torowym-2026-wyniki-z-3-dnia/ | K50: =IF(A50="","",IFERROR(IF(INDEX(Events!$J$2:$J$67,MATCH(A50,Events!$A$2:$A$67,0))="Yes",IF(ISNUMBER(SEARCH("Criterium final",D50)),"No","Yes"),"No"),"")) -> Yes | M50: =IF(OR(A50="",F50=""),0,IF(COUNTIFS($A$2:A50,A50,$F$2:F50,F50)=1,1,0)) -> 0 | N50: =IF(A50="","",IFERROR(INDEX(Events!$F$2:$F$67,MATCH(A50,Events!$A$2:$A$67,0)),"")) -> POL | O50: =IF(AND(G50=1,K50="Yes",N50="POL"),IF(COUNTIFS($A$2:A50,A50,$D$2:D50,D50,$E$2:E50,E50,$G$2:G50,1)=1,1,0),0) -> 1 | P50: =IF(AND(ISNUMBER(G50),K50="Yes",N50="POL"),IF(AND(G50>=1,G50<=3,COUNTIFS($A$2:A50,A50,$D$2:D50,D50,$E$2:E50,E50,$G$2:G50,G50)=1),1,0),0) -> 1
A51: E40 | B51: 46237 | C51: =IF(A51="","",IFERROR(INDEX(Events!$D$2:$D$67,MATCH(A51,Events!$A$2:$A$67,0)),"Unknown event ID")) -> Polish Elite Track Championships | D51: Madison | E51: Elite | F51: Tamara Szalińska | G51: 3 | H51: Classified | I51: With Sipko | J51: https://naszosie.pl/2026/08/03/mistrzostwa-polski-elity-w-kolarstwie-torowym-2026-wyniki-z-3-dnia/ | K51: =IF(A51="","",IFERROR(IF(INDEX(Events!$J$2:$J$67,MATCH(A51,Events!$A$2:$A$67,0))="Yes",IF(ISNUMBER(SEARCH("Criterium final",D51)),"No","Yes"),"No"),"")) -> Yes | M51: =IF(OR(A51="",F51=""),0,IF(COUNTIFS($A$2:A51,A51,$F$2:F51,F51)=1,1,0)) -> 0 | N51: =IF(A51="","",IFERROR(INDEX(Events!$F$2:$F$67,MATCH(A51,Events!$A$2:$A$67,0)),"")) -> POL | O51: =IF(AND(G51=1,K51="Yes",N51="POL"),IF(COUNTIFS($A$2:A51,A51,$D$2:D51,D51,$E$2:E51,E51,$G$2:G51,1)=1,1,0),0) -> 0 | P51: =IF(AND(ISNUMBER(G51),K51="Yes",N51="POL"),IF(AND(G51>=1,G51<=3,COUNTIFS($A$2:A51,A51,$D$2:D51,D51,$E$2:E51,E51,$G$2:G51,G51)=1),1,0),0) -> 1
A52: E03 | B52: 46055 | C52: =IF(A52="","",IFERROR(INDEX(Events!$D$2:$D$67,MATCH(A52,Events!$A$2:$A$67,0)),"Unknown event ID")) -> UEC Track Elite European Championships | D52: Elimination race | E52: Elite | F52: Maja Tracka | G52: 5 | H52: Classified | J52: https://cyclingflash.com/profile/maja-tracka | K52: =IF(A52="","",IFERROR(IF(INDEX(Events!$J$2:$J$67,MATCH(A52,Events!$A$2:$A$67,0))="Yes",IF(ISNUMBER(SEARCH("Criterium final",D52)),"No","Yes"),"No"),"")) -> No | M52: =IF(OR(A52="",F52=""),0,IF(COUNTIFS($A$2:A52,A52,$F$2:F52,F52)=1,1,0)) -> 1 | N52: =IF(A52="","",IFERROR(INDEX(Events!$F$2:$F$67,MATCH(A52,Events!$A$2:$A$67,0)),"")) -> TUR | O52: =IF(AND(G52=1,K52="Yes",N52="POL"),IF(COUNTIFS($A$2:A52,A52,$D$2:D52,D52,$E$2:E52,E52,$G$2:G52,1)=1,1,0),0) -> 0 | P52: =IF(AND(ISNUMBER(G52),K52="Yes",N52="POL"),IF(AND(G52>=1,G52<=3,COUNTIFS($A$2:A52,A52,$D$2:D52,D52,$E$2:E52,E52,$G$2:G52,G52)=1),1,0),0) -> 0
A53: E03 | B53: 46056 | C53: =IF(A53="","",IFERROR(INDEX(Events!$D$2:$D$67,MATCH(A53,Events!$A$2:$A$67,0)),"Unknown event ID")) -> UEC Track Elite European Championships | D53: Omnium | E53: Elite | F53: Maja Tracka | G53: 10 | H53: Classified | J53: https://cyclingflash.com/profile/maja-tracka | K53: =IF(A53="","",IFERROR(IF(INDEX(Events!$J$2:$J$67,MATCH(A53,Events!$A$2:$A$67,0))="Yes",IF(ISNUMBER(SEARCH("Criterium final",D53)),"No","Yes"),"No"),"")) -> No | M53: =IF(OR(A53="",F53=""),0,IF(COUNTIFS($A$2:A53,A53,$F$2:F53,F53)=1,1,0)) -> 0 | N53: =IF(A53="","",IFERROR(INDEX(Events!$F$2:$F$67,MATCH(A53,Events!$A$2:$A$67,0)),"")) -> TUR | O53: =IF(AND(G53=1,K53="Yes",N53="POL"),IF(COUNTIFS($A$2:A53,A53,$D$2:D53,D53,$E$2:E53,E53,$G$2:G53,1)=1,1,0),0) -> 0 | P53: =IF(AND(ISNUMBER(G53),K53="Yes",N53="POL"),IF(AND(G53>=1,G53<=3,COUNTIFS($A$2:A53,A53,$D$2:D53,D53,$E$2:E53,E53,$G$2:G53,G53)=1),1,0),0) -> 0
A54: E03 | B54: 46058 | C54: =IF(A54="","",IFERROR(INDEX(Events!$D$2:$D$67,MATCH(A54,Events!$A$2:$A$67,0)),"Unknown event ID")) -> UEC Track Elite European Championships | D54: Madison | E54: Elite | F54: Maja Tracka | G54: 8 | H54: Classified | J54: https://cyclingflash.com/profile/maja-tracka | K54: =IF(A54="","",IFERROR(IF(INDEX(Events!$J$2:$J$67,MATCH(A54,Events!$A$2:$A$67,0))="Yes",IF(ISNUMBER(SEARCH("Criterium final",D54)),"No","Yes"),"No"),"")) -> No | M54: =IF(OR(A54="",F54=""),0,IF(COUNTIFS($A$2:A54,A54,$F$2:F54,F54)=1,1,0)) -> 0 | N54: =IF(A54="","",IFERROR(INDEX(Events!$F$2:$F$67,MATCH(A54,Events!$A$2:$A$67,0)),"")) -> TUR | O54: =IF(AND(G54=1,K54="Yes",N54="POL"),IF(COUNTIFS($A$2:A54,A54,$D$2:D54,D54,$E$2:E54,E54,$G$2:G54,1)=1,1,0),0) -> 0 | P54: =IF(AND(ISNUMBER(G54),K54="Yes",N54="POL"),IF(AND(G54>=1,G54<=3,COUNTIFS($A$2:A54,A54,$D$2:D54,D54,$E$2:E54,E54,$G$2:G54,G54)=1),1,0),0) -> 0
A55: E07 | B55: 46085 | C55: =IF(A55="","",IFERROR(INDEX(Events!$D$2:$D$67,MATCH(A55,Events!$A$2:$A$67,0)),"Unknown event ID")) -> UMAG Classic Ladies | D55: One-day race | E55: Elite | F55: Maja Tracka | G55: 4 | H55: Classified | J55: https://cyclingflash.com/profile/maja-tracka | K55: =IF(A55="","",IFERROR(IF(INDEX(Events!$J$2:$J$67,MATCH(A55,Events!$A$2:$A$67,0))="Yes",IF(ISNUMBER(SEARCH("Criterium final",D55)),"No","Yes"),"No"),"")) -> No | M55: =IF(OR(A55="",F55=""),0,IF(COUNTIFS($A$2:A55,A55,$F$2:F55,F55)=1,1,0)) -> 1 | N55: =IF(A55="","",IFERROR(INDEX(Events!$F$2:$F$67,MATCH(A55,Events!$A$2:$A$67,0)),"")) -> CRO | O55: =IF(AND(G55=1,K55="Yes",N55="POL"),IF(COUNTIFS($A$2:A55,A55,$D$2:D55,D55,$E$2:E55,E55,$G$2:G55,1)=1,1,0),0) -> 0 | P55: =IF(AND(ISNUMBER(G55),K55="Yes",N55="POL"),IF(AND(G55>=1,G55<=3,COUNTIFS($A$2:A55,A55,$D$2:D55,D55,$E$2:E55,E55,$G$2:G55,G55)=1),1,0),0) -> 0
A56: E09 | B56: 46089 | C56: =IF(A56="","",IFERROR(INDEX(Events!$D$2:$D$67,MATCH(A56,Events!$A$2:$A$67,0)),"Unknown event ID")) -> POREČ Classic Ladies | D56: One-day race | E56: Elite | F56: Maja Tracka | H56: DNF | J56: https://cyclingflash.com/profile/maja-tracka | K56: =IF(A56="","",IFERROR(IF(INDEX(Events!$J$2:$J$67,MATCH(A56,Events!$A$2:$A$67,0))="Yes",IF(ISNUMBER(SEARCH("Criterium final",D56)),"No","Yes"),"No"),"")) -> No | M56: =IF(OR(A56="",F56=""),0,IF(COUNTIFS($A$2:A56,A56,$F$2:F56,F56)=1,1,0)) -> 1 | N56: =IF(A56="","",IFERROR(INDEX(Events!$F$2:$F$67,MATCH(A56,Events!$A$2:$A$67,0)),"")) -> CRO | O56: =IF(AND(G56=1,K56="Yes",N56="POL"),IF(COUNTIFS($A$2:A56,A56,$D$2:D56,D56,$E$2:E56,E56,$G$2:G56,1)=1,1,0),0) -> 0 | P56: =IF(AND(ISNUMBER(G56),K56="Yes",N56="POL"),IF(AND(G56>=1,G56<=3,COUNTIFS($A$2:A56,A56,$D$2:D56,D56,$E$2:E56,E56,$G$2:G56,G56)=1),1,0),0) -> 0
A57: E13 | B57: 46118 | C57: =IF(A57="","",IFERROR(INDEX(Events!$D$2:$D$67,MATCH(A57,Events!$A$2:$A$67,0)),"Unknown event ID")) -> Ronde de Mouscron | D57: One-day race | E57: Elite | F57: Maja Tracka | G57: 17 | H57: Classified | J57: https://cyclingflash.com/profile/maja-tracka | K57: =IF(A57="","",IFERROR(IF(INDEX(Events!$J$2:$J$67,MATCH(A57,Events!$A$2:$A$67,0))="Yes",IF(ISNUMBER(SEARCH("Criterium final",D57)),"No","Yes"),"No"),"")) -> No | M57: =IF(OR(A57="",F57=""),0,IF(COUNTIFS($A$2:A57,A57,$F$2:F57,F57)=1,1,0)) -> 1 | N57: =IF(A57="","",IFERROR(INDEX(Events!$F$2:$F$67,MATCH(A57,Events!$A$2:$A$67,0)),"")) -> BEL | O57: =IF(AND(G57=1,K57="Yes",N57="POL"),IF(COUNTIFS($A$2:A57,A57,$D$2:D57,D57,$E$2:E57,E57,$G$2:G57,1)=1,1,0),0) -> 0 | P57: =IF(AND(ISNUMBER(G57),K57="Yes",N57="POL"),IF(AND(G57>=1,G57<=3,COUNTIFS($A$2:A57,A57,$D$2:D57,D57,$E$2:E57,E57,$G$2:G57,G57)=1),1,0),0) -> 0
A58: E14 | B58: 46120 | C58: =IF(A58="","",IFERROR(INDEX(Events!$D$2:$D$67,MATCH(A58,Events!$A$2:$A$67,0)),"Unknown event ID")) -> Scheldeprijs Vrouwen Elite | D58: One-day race | E58: Elite | F58: Maja Tracka | G58: 81 | H58: Classified | J58: https://cyclingflash.com/profile/maja-tracka | K58: =IF(A58="","",IFERROR(IF(INDEX(Events!$J$2:$J$67,MATCH(A58,Events!$A$2:$A$67,0))="Yes",IF(ISNUMBER(SEARCH("Criterium final",D58)),"No","Yes"),"No"),"")) -> No | M58: =IF(OR(A58="",F58=""),0,IF(COUNTIFS($A$2:A58,A58,$F$2:F58,F58)=1,1,0)) -> 1 | N58: =IF(A58="","",IFERROR(INDEX(Events!$F$2:$F$67,MATCH(A58,Events!$A$2:$A$67,0)),"")) -> BEL | O58: =IF(AND(G58=1,K58="Yes",N58="POL"),IF(COUNTIFS($A$2:A58,A58,$D$2:D58,D58,$E$2:E58,E58,$G$2:G58,1)=1,1,0),0) -> 0 | P58: =IF(AND(ISNUMBER(G58),K58="Yes",N58="POL"),IF(AND(G58>=1,G58<=3,COUNTIFS($A$2:A58,A58,$D$2:D58,D58,$E$2:E58,E58,$G$2:G58,G58)=1),1,0),0) -> 0
A59: E15 | B59: 46124 | C59: =IF(A59="","",IFERROR(INDEX(Events!$D$2:$D$67,MATCH(A59,Events!$A$2:$A$67,0)),"Unknown event ID")) -> Ślężański Mnich | D59: Road race | E59: Elite | F59: Maja Tracka | G59: 2 | H59: Classified | J59: https://naszosie.pl/2026/04/12/slezanski-mnich-2026-mat-atom-deweloper-wroclaw-zgarnia-cale-podium/ | K59: =IF(A59="","",IFERROR(IF(INDEX(Events!$J$2:$J$67,MATCH(A59,Events!$A$2:$A$67,0))="Yes",IF(ISNUMBER(SEARCH("Criterium final",D59)),"No","Yes"),"No"),"")) -> No | M59: =IF(OR(A59="",F59=""),0,IF(COUNTIFS($A$2:A59,A59,$F$2:F59,F59)=1,1,0)) -> 1 | N59: =IF(A59="","",IFERROR(INDEX(Events!$F$2:$F$67,MATCH(A59,Events!$A$2:$A$67,0)),"")) -> POL | O59: =IF(AND(G59=1,K59="Yes",N59="POL"),IF(COUNTIFS($A$2:A59,A59,$D$2:D59,D59,$E$2:E59,E59,$G$2:G59,1)=1,1,0),0) -> 0 | P59: =IF(AND(ISNUMBER(G59),K59="Yes",N59="POL"),IF(AND(G59>=1,G59<=3,COUNTIFS($A$2:A59,A59,$D$2:D59,D59,$E$2:E59,E59,$G$2:G59,G59)=1),1,0),0) -> 0
A60: E15 | B60: 46124 | C60: =IF(A60="","",IFERROR(INDEX(Events!$D$2:$D$67,MATCH(A60,Events!$A$2:$A$67,0)),"Unknown event ID")) -> Ślężański Mnich | D60: Road race | E60: U23 | F60: Maja Tracka | G60: 2 | H60: Classified | J60: https://naszosie.pl/2026/04/12/slezanski-mnich-2026-mat-atom-deweloper-wroclaw-zgarnia-cale-podium/ | K60: =IF(A60="","",IFERROR(IF(INDEX(Events!$J$2:$J$67,MATCH(A60,Events!$A$2:$A$67,0))="Yes",IF(ISNUMBER(SEARCH("Criterium final",D60)),"No","Yes"),"No"),"")) -> No | M60: =IF(OR(A60="",F60=""),0,IF(COUNTIFS($A$2:A60,A60,$F$2:F60,F60)=1,1,0)) -> 0 | N60: =IF(A60="","",IFERROR(INDEX(Events!$F$2:$F$67,MATCH(A60,Events!$A$2:$A$67,0)),"")) -> POL | O60: =IF(AND(G60=1,K60="Yes",N60="POL"),IF(COUNTIFS($A$2:A60,A60,$D$2:D60,D60,$E$2:E60,E60,$G$2:G60,1)=1,1,0),0) -> 0 | P60: =IF(AND(ISNUMBER(G60),K60="Yes",N60="POL"),IF(AND(G60>=1,G60<=3,COUNTIFS($A$2:A60,A60,$D$2:D60,D60,$E$2:E60,E60,$G$2:G60,G60)=1),1,0),0) -> 0
A61: E16 | B61: 46129 | C61: =IF(A61="","",IFERROR(INDEX(Events!$D$2:$D$67,MATCH(A61,Events!$A$2:$A$67,0)),"Unknown event ID")) -> De Brabantse Pijl | D61: One-day race | E61: Elite | F61: Maja Tracka | H61: DNF | J61: https://cyclingflash.com/profile/maja-tracka | K61: =IF(A61="","",IFERROR(IF(INDEX(Events!$J$2:$J$67,MATCH(A61,Events!$A$2:$A$67,0))="Yes",IF(ISNUMBER(SEARCH("Criterium final",D61)),"No","Yes"),"No"),"")) -> No | M61: =IF(OR(A61="",F61=""),0,IF(COUNTIFS($A$2:A61,A61,$F$2:F61,F61)=1,1,0)) -> 1 | N61: =IF(A61="","",IFERROR(INDEX(Events!$F$2:$F$67,MATCH(A61,Events!$A$2:$A$67,0)),"")) -> BEL | O61: =IF(AND(G61=1,K61="Yes",N61="POL"),IF(COUNTIFS($A$2:A61,A61,$D$2:D61,D61,$E$2:E61,E61,$G$2:G61,1)=1,1,0),0) -> 0 | P61: =IF(AND(ISNUMBER(G61),K61="Yes",N61="POL"),IF(AND(G61>=1,G61<=3,COUNTIFS($A$2:A61,A61,$D$2:D61,D61,$E$2:E61,E61,$G$2:G61,G61)=1),1,0),0) -> 0
A62: E19 | B62: 46137 | C62: =IF(A62="","",IFERROR(INDEX(Events!$D$2:$D$67,MATCH(A62,Events!$A$2:$A$67,0)),"Unknown event ID")) -> Polish Cup (road) | D62: ITT (Lubań) | E62: Elite | F62: Maja Tracka | G62: 1 | H62: Classified | J62: https://naszosie.pl/2026/04/27/puchar-polski-2026-wyniki-z-lubania-i-lesnej/ | K62: =IF(A62="","",IFERROR(IF(INDEX(Events!$J$2:$J$67,MATCH(A62,Events!$A$2:$A$67,0))="Yes",IF(ISNUMBER(SEARCH("Criterium final",D62)),"No","Yes"),"No"),"")) -> No | M62: =IF(OR(A62="",F62=""),0,IF(COUNTIFS($A$2:A62,A62,$F$2:F62,F62)=1,1,0)) -> 1 | N62: =IF(A62="","",IFERROR(INDEX(Events!$F$2:$F$67,MATCH(A62,Events!$A$2:$A$67,0)),"")) -> POL | O62: =IF(AND(G62=1,K62="Yes",N62="POL"),IF(COUNTIFS($A$2:A62,A62,$D$2:D62,D62,$E$2:E62,E62,$G$2:G62,1)=1,1,0),0) -> 0 | P62: =IF(AND(ISNUMBER(G62),K62="Yes",N62="POL"),IF(AND(G62>=1,G62<=3,COUNTIFS($A$2:A62,A62,$D$2:D62,D62,$E$2:E62,E62,$G$2:G62,G62)=1),1,0),0) -> 0
A63: E19 | B63: 46137 | C63: =IF(A63="","",IFERROR(INDEX(Events!$D$2:$D$67,MATCH(A63,Events!$A$2:$A$67,0)),"Unknown event ID")) -> Polish Cup (road) | D63: ITT (Lubań) | E63: U23 | F63: Maja Tracka | G63: 1 | H63: Classified | J63: https://naszosie.pl/2026/04/27/puchar-polski-2026-wyniki-z-lubania-i-lesnej/ | K63: =IF(A63="","",IFERROR(IF(INDEX(Events!$J$2:$J$67,MATCH(A63,Events!$A$2:$A$67,0))="Yes",IF(ISNUMBER(SEARCH("Criterium final",D63)),"No","Yes"),"No"),"")) -> No | M63: =IF(OR(A63="",F63=""),0,IF(COUNTIFS($A$2:A63,A63,$F$2:F63,F63)=1,1,0)) -> 0 | N63: =IF(A63="","",IFERROR(INDEX(Events!$F$2:$F$67,MATCH(A63,Events!$A$2:$A$67,0)),"")) -> POL | O63: =IF(AND(G63=1,K63="Yes",N63="POL"),IF(COUNTIFS($A$2:A63,A63,$D$2:D63,D63,$E$2:E63,E63,$G$2:G63,1)=1,1,0),0) -> 0 | P63: =IF(AND(ISNUMBER(G63),K63="Yes",N63="POL"),IF(AND(G63>=1,G63<=3,COUNTIFS($A$2:A63,A63,$D$2:D63,D63,$E$2:E63,E63,$G$2:G63,G63)=1),1,0),0) -> 0
A64: E19 | B64: 46138 | C64: =IF(A64="","",IFERROR(INDEX(Events!$D$2:$D$67,MATCH(A64,Events!$A$2:$A$67,0)),"Unknown event ID")) -> Polish Cup (road) | D64: Road race (Leśna) | E64: Elite | F64: Maja Tracka | G64: 2 | H64: Classified | J64: https://naszosie.pl/2026/04/27/puchar-polski-2026-wyniki-z-lubania-i-lesnej/ | K64: =IF(A64="","",IFERROR(IF(INDEX(Events!$J$2:$J$67,MATCH(A64,Events!$A$2:$A$67,0))="Yes",IF(ISNUMBER(SEARCH("Criterium final",D64)),"No","Yes"),"No"),"")) -> No | M64: =IF(OR(A64="",F64=""),0,IF(COUNTIFS($A$2:A64,A64,$F$2:F64,F64)=1,1,0)) -> 0 | N64: =IF(A64="","",IFERROR(INDEX(Events!$F$2:$F$67,MATCH(A64,Events!$A$2:$A$67,0)),"")) -> POL | O64: =IF(AND(G64=1,K64="Yes",N64="POL"),IF(COUNTIFS($A$2:A64,A64,$D$2:D64,D64,$E$2:E64,E64,$G$2:G64,1)=1,1,0),0) -> 0 | P64: =IF(AND(ISNUMBER(G64),K64="Yes",N64="POL"),IF(AND(G64>=1,G64<=3,COUNTIFS($A$2:A64,A64,$D$2:D64,D64,$E$2:E64,E64,$G$2:G64,G64)=1),1,0),0) -> 0
A65: E20 | B65: 46142 | C65: =IF(A65="","",IFERROR(INDEX(Events!$D$2:$D$67,MATCH(A65,Events!$A$2:$A$67,0)),"Unknown event ID")) -> Gracia Orlová | D65: Stage 1 | E65: Elite | F65: Maja Tracka | G65: 42 | H65: Classified | J65: https://cyclingflash.com/profile/maja-tracka | K65: =IF(A65="","",IFERROR(IF(INDEX(Events!$J$2:$J$67,MATCH(A65,Events!$A$2:$A$67,0))="Yes",IF(ISNUMBER(SEARCH("Criterium final",D65)),"No","Yes"),"No"),"")) -> No | M65: =IF(OR(A65="",F65=""),0,IF(COUNTIFS($A$2:A65,A65,$F$2:F65,F65)=1,1,0)) -> 1 | N65: =IF(A65="","",IFERROR(INDEX(Events!$F$2:$F$67,MATCH(A65,Events!$A$2:$A$67,0)),"")) -> CZE | O65: =IF(AND(G65=1,K65="Yes",N65="POL"),IF(COUNTIFS($A$2:A65,A65,$D$2:D65,D65,$E$2:E65,E65,$G$2:G65,1)=1,1,0),0) -> 0 | P65: =IF(AND(ISNUMBER(G65),K65="Yes",N65="POL"),IF(AND(G65>=1,G65<=3,COUNTIFS($A$2:A65,A65,$D$2:D65,D65,$E$2:E65,E65,$G$2:G65,G65)=1),1,0),0) -> 0
A66: E20 | B66: 46143 | C66: =IF(A66="","",IFERROR(INDEX(Events!$D$2:$D$67,MATCH(A66,Events!$A$2:$A$67,0)),"Unknown event ID")) -> Gracia Orlová | D66: Stage 2 | E66: Elite | F66: Maja Tracka | G66: 47 | H66: Classified | J66: https://cyclingflash.com/profile/maja-tracka | K66: =IF(A66="","",IFERROR(IF(INDEX(Events!$J$2:$J$67,MATCH(A66,Events!$A$2:$A$67,0))="Yes",IF(ISNUMBER(SEARCH("Criterium final",D66)),"No","Yes"),"No"),"")) -> No | M66: =IF(OR(A66="",F66=""),0,IF(COUNTIFS($A$2:A66,A66,$F$2:F66,F66)=1,1,0)) -> 0 | N66: =IF(A66="","",IFERROR(INDEX(Events!$F$2:$F$67,MATCH(A66,Events!$A$2:$A$67,0)),"")) -> CZE | O66: =IF(AND(G66=1,K66="Yes",N66="POL"),IF(COUNTIFS($A$2:A66,A66,$D$2:D66,D66,$E$2:E66,E66,$G$2:G66,1)=1,1,0),0) -> 0 | P66: =IF(AND(ISNUMBER(G66),K66="Yes",N66="POL"),IF(AND(G66>=1,G66<=3,COUNTIFS($A$2:A66,A66,$D$2:D66,D66,$E$2:E66,E66,$G$2:G66,G66)=1),1,0),0) -> 0
A67: E20 | B67: 46144 | C67: =IF(A67="","",IFERROR(INDEX(Events!$D$2:$D$67,MATCH(A67,Events!$A$2:$A$67,0)),"Unknown event ID")) -> Gracia Orlová | D67: Stage 3 | E67: Elite | F67: Maja Tracka | G67: 18 | H67: Classified | J67: https://cyclingflash.com/profile/maja-tracka | K67: =IF(A67="","",IFERROR(IF(INDEX(Events!$J$2:$J$67,MATCH(A67,Events!$A$2:$A$67,0))="Yes",IF(ISNUMBER(SEARCH("Criterium final",D67)),"No","Yes"),"No"),"")) -> No | M67: =IF(OR(A67="",F67=""),0,IF(COUNTIFS($A$2:A67,A67,$F$2:F67,F67)=1,1,0)) -> 0 | N67: =IF(A67="","",IFERROR(INDEX(Events!$F$2:$F$67,MATCH(A67,Events!$A$2:$A$67,0)),"")) -> CZE | O67: =IF(AND(G67=1,K67="Yes",N67="POL"),IF(COUNTIFS($A$2:A67,A67,$D$2:D67,D67,$E$2:E67,E67,$G$2:G67,1)=1,1,0),0) -> 0 | P67: =IF(AND(ISNUMBER(G67),K67="Yes",N67="POL"),IF(AND(G67>=1,G67<=3,COUNTIFS($A$2:A67,A67,$D$2:D67,D67,$E$2:E67,E67,$G$2:G67,G67)=1),1,0),0) -> 0
A68: E20 | B68: 46144 | C68: =IF(A68="","",IFERROR(INDEX(Events!$D$2:$D$67,MATCH(A68,Events!$A$2:$A$67,0)),"Unknown event ID")) -> Gracia Orlová | D68: Stage 4 | E68: Elite | F68: Maja Tracka | G68: 6 | H68: Classified | J68: https://cyclingflash.com/profile/maja-tracka | K68: =IF(A68="","",IFERROR(IF(INDEX(Events!$J$2:$J$67,MATCH(A68,Events!$A$2:$A$67,0))="Yes",IF(ISNUMBER(SEARCH("Criterium final",D68)),"No","Yes"),"No"),"")) -> No | M68: =IF(OR(A68="",F68=""),0,IF(COUNTIFS($A$2:A68,A68,$F$2:F68,F68)=1,1,0)) -> 0 | N68: =IF(A68="","",IFERROR(INDEX(Events!$F$2:$F$67,MATCH(A68,Events!$A$2:$A$67,0)),"")) -> CZE | O68: =IF(AND(G68=1,K68="Yes",N68="POL"),IF(COUNTIFS($A$2:A68,A68,$D$2:D68,D68,$E$2:E68,E68,$G$2:G68,1)=1,1,0),0) -> 0 | P68: =IF(AND(ISNUMBER(G68),K68="Yes",N68="POL"),IF(AND(G68>=1,G68<=3,COUNTIFS($A$2:A68,A68,$D$2:D68,D68,$E$2:E68,E68,$G$2:G68,G68)=1),1,0),0) -> 0
A69: E20 | B69: 46145 | C69: =IF(A69="","",IFERROR(INDEX(Events!$D$2:$D$67,MATCH(A69,Events!$A$2:$A$67,0)),"Unknown event ID")) -> Gracia Orlová | D69: Stage 5 | E69: Elite | F69: Maja Tracka | G69: 17 | H69: Classified | J69: https://cyclingflash.com/profile/maja-tracka | K69: =IF(A69="","",IFERROR(IF(INDEX(Events!$J$2:$J$67,MATCH(A69,Events!$A$2:$A$67,0))="Yes",IF(ISNUMBER(SEARCH("Criterium final",D69)),"No","Yes"),"No"),"")) -> No | M69: =IF(OR(A69="",F69=""),0,IF(COUNTIFS($A$2:A69,A69,$F$2:F69,F69)=1,1,0)) -> 0 | N69: =IF(A69="","",IFERROR(INDEX(Events!$F$2:$F$67,MATCH(A69,Events!$A$2:$A$67,0)),"")) -> CZE | O69: =IF(AND(G69=1,K69="Yes",N69="POL"),IF(COUNTIFS($A$2:A69,A69,$D$2:D69,D69,$E$2:E69,E69,$G$2:G69,1)=1,1,0),0) -> 0 | P69: =IF(AND(ISNUMBER(G69),K69="Yes",N69="POL"),IF(AND(G69>=1,G69<=3,COUNTIFS($A$2:A69,A69,$D$2:D69,D69,$E$2:E69,E69,$G$2:G69,G69)=1),1,0),0) -> 0
A70: E20 | B70: 46145 | C70: =IF(A70="","",IFERROR(INDEX(Events!$D$2:$D$67,MATCH(A70,Events!$A$2:$A$67,0)),"Unknown event ID")) -> Gracia Orlová | D70: General classification (final) | E70: Elite | F70: Maja Tracka | G70: 28 | H70: Classified | J70: https://cyclingflash.com/profile/maja-tracka | K70: =IF(A70="","",IFERROR(IF(INDEX(Events!$J$2:$J$67,MATCH(A70,Events!$A$2:$A$67,0))="Yes",IF(ISNUMBER(SEARCH("Criterium final",D70)),"No","Yes"),"No"),"")) -> No | M70: =IF(OR(A70="",F70=""),0,IF(COUNTIFS($A$2:A70,A70,$F$2:F70,F70)=1,1,0)) -> 0 | N70: =IF(A70="","",IFERROR(INDEX(Events!$F$2:$F$67,MATCH(A70,Events!$A$2:$A$67,0)),"")) -> CZE | O70: =IF(AND(G70=1,K70="Yes",N70="POL"),IF(COUNTIFS($A$2:A70,A70,$D$2:D70,D70,$E$2:E70,E70,$G$2:G70,1)=1,1,0),0) -> 0 | P70: =IF(AND(ISNUMBER(G70),K70="Yes",N70="POL"),IF(AND(G70>=1,G70<=3,COUNTIFS($A$2:A70,A70,$D$2:D70,D70,$E$2:E70,E70,$G$2:G70,G70)=1),1,0),0) -> 0
A71: E28 | B71: 46172 | C71: =IF(A71="","",IFERROR(INDEX(Events!$D$2:$D$67,MATCH(A71,Events!$A$2:$A$67,0)),"Unknown event ID")) -> Polish Cup (road) | D71: ITT (Dąbki) | E71: Women open (U23 + junior) | F71: Maja Tracka | G71: 1 | H71: Classified | J71: https://naszosie.pl/2026/06/01/puchar-polski-2026-wyniki-z-dabek-i-jaroslawca/ | K71: =IF(A71="","",IFERROR(IF(INDEX(Events!$J$2:$J$67,MATCH(A71,Events!$A$2:$A$67,0))="Yes",IF(ISNUMBER(SEARCH("Criterium final",D71)),"No","Yes"),"No"),"")) -> No | M71: =IF(OR(A71="",F71=""),0,IF(COUNTIFS($A$2:A71,A71,$F$2:F71,F71)=1,1,0)) -> 1 | N71: =IF(A71="","",IFERROR(INDEX(Events!$F$2:$F$67,MATCH(A71,Events!$A$2:$A$67,0)),"")) -> POL | O71: =IF(AND(G71=1,K71="Yes",N71="POL"),IF(COUNTIFS($A$2:A71,A71,$D$2:D71,D71,$E$2:E71,E71,$G$2:G71,1)=1,1,0),0) -> 0 | P71: =IF(AND(ISNUMBER(G71),K71="Yes",N71="POL"),IF(AND(G71>=1,G71<=3,COUNTIFS($A$2:A71,A71,$D$2:D71,D71,$E$2:E71,E71,$G$2:G71,G71)=1),1,0),0) -> 0
A72: E29 | B72: 46180 | C72: =IF(A72="","",IFERROR(INDEX(Events!$D$2:$D$67,MATCH(A72,Events!$A$2:$A$67,0)),"Unknown event ID")) -> Dwars door de Westhoek | D72: One-day race | E72: Elite | F72: Maja Tracka | H72: DNF | J72: https://cyclingflash.com/profile/maja-tracka | K72: =IF(A72="","",IFERROR(IF(INDEX(Events!$J$2:$J$67,MATCH(A72,Events!$A$2:$A$67,0))="Yes",IF(ISNUMBER(SEARCH("Criterium final",D72)),"No","Yes"),"No"),"")) -> No | M72: =IF(OR(A72="",F72=""),0,IF(COUNTIFS($A$2:A72,A72,$F$2:F72,F72)=1,1,0)) -> 1 | N72: =IF(A72="","",IFERROR(INDEX(Events!$F$2:$F$67,MATCH(A72,Events!$A$2:$A$67,0)),"")) -> BEL | O72: =IF(AND(G72=1,K72="Yes",N72="POL"),IF(COUNTIFS($A$2:A72,A72,$D$2:D72,D72,$E$2:E72,E72,$G$2:G72,1)=1,1,0),0) -> 0 | P72: =IF(AND(ISNUMBER(G72),K72="Yes",N72="POL"),IF(AND(G72>=1,G72<=3,COUNTIFS($A$2:A72,A72,$D$2:D72,D72,$E$2:E72,E72,$G$2:G72,G72)=1),1,0),0) -> 0
A73: E33 | B73: 46198 | C73: =IF(A73="","",IFERROR(INDEX(Events!$D$2:$D$67,MATCH(A73,Events!$A$2:$A$67,0)),"Unknown event ID")) -> Polish Road Championships (ITT + road race) | D73: ITT | E73: U23 | F73: Maja Tracka | G73: 1 | H73: Classified | I73: Polish U23 time trial champion | J73: https://cyclingflash.com/profile/maja-tracka | K73: =IF(A73="","",IFERROR(IF(INDEX(Events!$J$2:$J$67,MATCH(A73,Events!$A$2:$A$67,0))="Yes",IF(ISNUMBER(SEARCH("Criterium final",D73)),"No","Yes"),"No"),"")) -> Yes | M73: =IF(OR(A73="",F73=""),0,IF(COUNTIFS($A$2:A73,A73,$F$2:F73,F73)=1,1,0)) -> 1 | N73: =IF(A73="","",IFERROR(INDEX(Events!$F$2:$F$67,MATCH(A73,Events!$A$2:$A$67,0)),"")) -> POL | O73: =IF(AND(G73=1,K73="Yes",N73="POL"),IF(COUNTIFS($A$2:A73,A73,$D$2:D73,D73,$E$2:E73,E73,$G$2:G73,1)=1,1,0),0) -> 1 | P73: =IF(AND(ISNUMBER(G73),K73="Yes",N73="POL"),IF(AND(G73>=1,G73<=3,COUNTIFS($A$2:A73,A73,$D$2:D73,D73,$E$2:E73,E73,$G$2:G73,G73)=1),1,0),0) -> 1
A74: E33 | B74: 46200 | C74: =IF(A74="","",IFERROR(INDEX(Events!$D$2:$D$67,MATCH(A74,Events!$A$2:$A$67,0)),"Unknown event ID")) -> Polish Road Championships (ITT + road race) | D74: Road race | E74: Elite | F74: Maja Tracka | G74: 13 | H74: Classified | J74: https://cyclingflash.com/profile/maja-tracka | K74: =IF(A74="","",IFERROR(IF(INDEX(Events!$J$2:$J$67,MATCH(A74,Events!$A$2:$A$67,0))="Yes",IF(ISNUMBER(SEARCH("Criterium final",D74)),"No","Yes"),"No"),"")) -> Yes | M74: =IF(OR(A74="",F74=""),0,IF(COUNTIFS($A$2:A74,A74,$F$2:F74,F74)=1,1,0)) -> 0 | N74: =IF(A74="","",IFERROR(INDEX(Events!$F$2:$F$67,MATCH(A74,Events!$A$2:$A$67,0)),"")) -> POL | O74: =IF(AND(G74=1,K74="Yes",N74="POL"),IF(COUNTIFS($A$2:A74,A74,$D$2:D74,D74,$E$2:E74,E74,$G$2:G74,1)=1,1,0),0) -> 0 | P74: =IF(AND(ISNUMBER(G74),K74="Yes",N74="POL"),IF(AND(G74>=1,G74<=3,COUNTIFS($A$2:A74,A74,$D$2:D74,D74,$E$2:E74,E74,$G$2:G74,G74)=1),1,0),0) -> 0
A75: E34 | B75: 46213 | C75: =IF(A75="","",IFERROR(INDEX(Events!$D$2:$D$67,MATCH(A75,Events!$A$2:$A$67,0)),"Unknown event ID")) -> UEC Track Junior & U23 European Championships | D75: Team pursuit | E75: U23 | F75: Maja Tracka | G75: 3 | H75: Classified | I75: Poland: Sipko, Tracka, Szczęsna, Rabażyńska | J75: https://naszosie.pl/2026/07/10/mlodziezowe-mistrzostwa-europy-na-torze-2026-braz-orliczek-w-wyscigu-druzynowym/ | K75: =IF(A75="","",IFERROR(IF(INDEX(Events!$J$2:$J$67,MATCH(A75,Events!$A$2:$A$67,0))="Yes",IF(ISNUMBER(SEARCH("Criterium final",D75)),"No","Yes"),"No"),"")) -> No | M75: =IF(OR(A75="",F75=""),0,IF(COUNTIFS($A$2:A75,A75,$F$2:F75,F75)=1,1,0)) -> 1 | N75: =IF(A75="","",IFERROR(INDEX(Events!$F$2:$F$67,MATCH(A75,Events!$A$2:$A$67,0)),"")) -> GER | O75: =IF(AND(G75=1,K75="Yes",N75="POL"),IF(COUNTIFS($A$2:A75,A75,$D$2:D75,D75,$E$2:E75,E75,$G$2:G75,1)=1,1,0),0) -> 0 | P75: =IF(AND(ISNUMBER(G75),K75="Yes",N75="POL"),IF(AND(G75>=1,G75<=3,COUNTIFS($A$2:A75,A75,$D$2:D75,D75,$E$2:E75,E75,$G$2:G75,G75)=1),1,0),0) -> 0
A76: E34 | B76: 46214 | C76: =IF(A76="","",IFERROR(INDEX(Events!$D$2:$D$67,MATCH(A76,Events!$A$2:$A$67,0)),"Unknown event ID")) -> UEC Track Junior & U23 European Championships | D76: Omnium | E76: U23 | F76: Maja Tracka | H76: DNF | I76: Did not finish the tempo race | J76: https://naszosie.pl/2026/07/11/mlodziezowe-mistrzostwa-europy-na-torze-2026-polskie-wyniki-z-5-dnia/ | K76: =IF(A76="","",IFERROR(IF(INDEX(Events!$J$2:$J$67,MATCH(A76,Events!$A$2:$A$67,0))="Yes",IF(ISNUMBER(SEARCH("Criterium final",D76)),"No","Yes"),"No"),"")) -> No | M76: =IF(OR(A76="",F76=""),0,IF(COUNTIFS($A$2:A76,A76,$F$2:F76,F76)=1,1,0)) -> 0 | N76: =IF(A76="","",IFERROR(INDEX(Events!$F$2:$F$67,MATCH(A76,Events!$A$2:$A$67,0)),"")) -> GER | O76: =IF(AND(G76=1,K76="Yes",N76="POL"),IF(COUNTIFS($A$2:A76,A76,$D$2:D76,D76,$E$2:E76,E76,$G$2:G76,1)=1,1,0),0) -> 0 | P76: =IF(AND(ISNUMBER(G76),K76="Yes",N76="POL"),IF(AND(G76>=1,G76<=3,COUNTIFS($A$2:A76,A76,$D$2:D76,D76,$E$2:E76,E76,$G$2:G76,G76)=1),1,0),0) -> 0
A77: E36 | B77: 46227 | C77: =IF(A77="","",IFERROR(INDEX(Events!$D$2:$D$67,MATCH(A77,Events!$A$2:$A$67,0)),"Unknown event ID")) -> Tour de Pologne Women | D77: Stage 1 | E77: Elite | F77: Maja Tracka | G77: 64 | H77: Classified | J77: https://cyclingflash.com/profile/maja-tracka | K77: =IF(A77="","",IFERROR(IF(INDEX(Events!$J$2:$J$67,MATCH(A77,Events!$A$2:$A$67,0))="Yes",IF(ISNUMBER(SEARCH("Criterium final",D77)),"No","Yes"),"No"),"")) -> No | M77: =IF(OR(A77="",F77=""),0,IF(COUNTIFS($A$2:A77,A77,$F$2:F77,F77)=1,1,0)) -> 1 | N77: =IF(A77="","",IFERROR(INDEX(Events!$F$2:$F$67,MATCH(A77,Events!$A$2:$A$67,0)),"")) -> POL | O77: =IF(AND(G77=1,K77="Yes",N77="POL"),IF(COUNTIFS($A$2:A77,A77,$D$2:D77,D77,$E$2:E77,E77,$G$2:G77,1)=1,1,0),0) -> 0 | P77: =IF(AND(ISNUMBER(G77),K77="Yes",N77="POL"),IF(AND(G77>=1,G77<=3,COUNTIFS($A$2:A77,A77,$D$2:D77,D77,$E$2:E77,E77,$G$2:G77,G77)=1),1,0),0) -> 0
A78: E36 | B78: 46228 | C78: =IF(A78="","",IFERROR(INDEX(Events!$D$2:$D$67,MATCH(A78,Events!$A$2:$A$67,0)),"Unknown event ID")) -> Tour de Pologne Women | D78: Stage 2 | E78: Elite | F78: Maja Tracka | G78: 69 | H78: Classified | J78: https://cyclingflash.com/profile/maja-tracka | K78: =IF(A78="","",IFERROR(IF(INDEX(Events!$J$2:$J$67,MATCH(A78,Events!$A$2:$A$67,0))="Yes",IF(ISNUMBER(SEARCH("Criterium final",D78)),"No","Yes"),"No"),"")) -> No | M78: =IF(OR(A78="",F78=""),0,IF(COUNTIFS($A$2:A78,A78,$F$2:F78,F78)=1,1,0)) -> 0 | N78: =IF(A78="","",IFERROR(INDEX(Events!$F$2:$F$67,MATCH(A78,Events!$A$2:$A$67,0)),"")) -> POL | O78: =IF(AND(G78=1,K78="Yes",N78="POL"),IF(COUNTIFS($A$2:A78,A78,$D$2:D78,D78,$E$2:E78,E78,$G$2:G78,1)=1,1,0),0) -> 0 | P78: =IF(AND(ISNUMBER(G78),K78="Yes",N78="POL"),IF(AND(G78>=1,G78<=3,COUNTIFS($A$2:A78,A78,$D$2:D78,D78,$E$2:E78,E78,$G$2:G78,G78)=1),1,0),0) -> 0
A79: E36 | B79: 46229 | C79: =IF(A79="","",IFERROR(INDEX(Events!$D$2:$D$67,MATCH(A79,Events!$A$2:$A$67,0)),"Unknown event ID")) -> Tour de Pologne Women | D79: Stage 3 | E79: Elite | F79: Maja Tracka | G79: 45 | H79: Classified | J79: https://cyclingflash.com/profile/maja-tracka | K79: =IF(A79="","",IFERROR(IF(INDEX(Events!$J$2:$J$67,MATCH(A79,Events!$A$2:$A$67,0))="Yes",IF(ISNUMBER(SEARCH("Criterium final",D79)),"No","Yes"),"No"),"")) -> No | M79: =IF(OR(A79="",F79=""),0,IF(COUNTIFS($A$2:A79,A79,$F$2:F79,F79)=1,1,0)) -> 0 | N79: =IF(A79="","",IFERROR(INDEX(Events!$F$2:$F$67,MATCH(A79,Events!$A$2:$A$67,0)),"")) -> POL | O79: =IF(AND(G79=1,K79="Yes",N79="POL"),IF(COUNTIFS($A$2:A79,A79,$D$2:D79,D79,$E$2:E79,E79,$G$2:G79,1)=1,1,0),0) -> 0 | P79: =IF(AND(ISNUMBER(G79),K79="Yes",N79="POL"),IF(AND(G79>=1,G79<=3,COUNTIFS($A$2:A79,A79,$D$2:D79,D79,$E$2:E79,E79,$G$2:G79,G79)=1),1,0),0) -> 0
A80: E36 | B80: 46229 | C80: =IF(A80="","",IFERROR(INDEX(Events!$D$2:$D$67,MATCH(A80,Events!$A$2:$A$67,0)),"Unknown event ID")) -> Tour de Pologne Women | D80: General classification (final) | E80: Elite | F80: Maja Tracka | G80: 73 | H80: Classified | J80: https://cyclingflash.com/profile/maja-tracka | K80: =IF(A80="","",IFERROR(IF(INDEX(Events!$J$2:$J$67,MATCH(A80,Events!$A$2:$A$67,0))="Yes",IF(ISNUMBER(SEARCH("Criterium final",D80)),"No","Yes"),"No"),"")) -> No | M80: =IF(OR(A80="",F80=""),0,IF(COUNTIFS($A$2:A80,A80,$F$2:F80,F80)=1,1,0)) -> 0 | N80: =IF(A80="","",IFERROR(INDEX(Events!$F$2:$F$67,MATCH(A80,Events!$A$2:$A$67,0)),"")) -> POL | O80: =IF(AND(G80=1,K80="Yes",N80="POL"),IF(COUNTIFS($A$2:A80,A80,$D$2:D80,D80,$E$2:E80,E80,$G$2:G80,1)=1,1,0),0) -> 0 | P80: =IF(AND(ISNUMBER(G80),K80="Yes",N80="POL"),IF(AND(G80>=1,G80<=3,COUNTIFS($A$2:A80,A80,$D$2:D80,D80,$E$2:E80,E80,$G$2:G80,G80)=1),1,0),0) -> 0
A81: E40 | B81: 46235 | C81: =IF(A81="","",IFERROR(INDEX(Events!$D$2:$D$67,MATCH(A81,Events!$A$2:$A$67,0)),"Unknown event ID")) -> Polish Elite Track Championships | D81: Team pursuit | E81: Elite | F81: Maja Tracka | G81: 1 | H81: Classified | I81: With Kaczmarczyk, Wankiewicz, Sipko, Szczęsna | J81: https://naszosie.pl/2026/08/02/mistrzostwa-polski-elity-w-kolarstwie-torowym-2026-wyniki-z-1-dnia/ | K81: =IF(A81="","",IFERROR(IF(INDEX(Events!$J$2:$J$67,MATCH(A81,Events!$A$2:$A$67,0))="Yes",IF(ISNUMBER(SEARCH("Criterium final",D81)),"No","Yes"),"No"),"")) -> Yes | M81: =IF(OR(A81="",F81=""),0,IF(COUNTIFS($A$2:A81,A81,$F$2:F81,F81)=1,1,0)) -> 1 | N81: =IF(A81="","",IFERROR(INDEX(Events!$F$2:$F$67,MATCH(A81,Events!$A$2:$A$67,0)),"")) -> POL | O81: =IF(AND(G81=1,K81="Yes",N81="POL"),IF(COUNTIFS($A$2:A81,A81,$D$2:D81,D81,$E$2:E81,E81,$G$2:G81,1)=1,1,0),0) -> 0 | P81: =IF(AND(ISNUMBER(G81),K81="Yes",N81="POL"),IF(AND(G81>=1,G81<=3,COUNTIFS($A$2:A81,A81,$D$2:D81,D81,$E$2:E81,E81,$G$2:G81,G81)=1),1,0),0) -> 0
A82: E40 | B82: 46235 | C82: =IF(A82="","",IFERROR(INDEX(Events!$D$2:$D$67,MATCH(A82,Events!$A$2:$A$67,0)),"Unknown event ID")) -> Polish Elite Track Championships | D82: Scratch | E82: Elite | F82: Maja Tracka | G82: 1 | H82: Classified | J82: https://naszosie.pl/2026/08/02/mistrzostwa-polski-elity-w-kolarstwie-torowym-2026-wyniki-z-1-dnia/ | K82: =IF(A82="","",IFERROR(IF(INDEX(Events!$J$2:$J$67,MATCH(A82,Events!$A$2:$A$67,0))="Yes",IF(ISNUMBER(SEARCH("Criterium final",D82)),"No","Yes"),"No"),"")) -> Yes | M82: =IF(OR(A82="",F82=""),0,IF(COUNTIFS($A$2:A82,A82,$F$2:F82,F82)=1,1,0)) -> 0 | N82: =IF(A82="","",IFERROR(INDEX(Events!$F$2:$F$67,MATCH(A82,Events!$A$2:$A$67,0)),"")) -> POL | O82: =IF(AND(G82=1,K82="Yes",N82="POL"),IF(COUNTIFS($A$2:A82,A82,$D$2:D82,D82,$E$2:E82,E82,$G$2:G82,1)=1,1,0),0) -> 1 | P82: =IF(AND(ISNUMBER(G82),K82="Yes",N82="POL"),IF(AND(G82>=1,G82<=3,COUNTIFS($A$2:A82,A82,$D$2:D82,D82,$E$2:E82,E82,$G$2:G82,G82)=1),1,0),0) -> 1
A83: E40 | B83: 46236 | C83: =IF(A83="","",IFERROR(INDEX(Events!$D$2:$D$67,MATCH(A83,Events!$A$2:$A$67,0)),"Unknown event ID")) -> Polish Elite Track Championships | D83: Omnium | E83: Elite | F83: Maja Tracka | G83: 3 | H83: Classified | J83: https://naszosie.pl/2026/08/02/mistrzostwa-polski-elity-w-kolarstwie-torowym-wyniki-z-2-dnia/ | K83: =IF(A83="","",IFERROR(IF(INDEX(Events!$J$2:$J$67,MATCH(A83,Events!$A$2:$A$67,0))="Yes",IF(ISNUMBER(SEARCH("Criterium final",D83)),"No","Yes"),"No"),"")) -> Yes | M83: =IF(OR(A83="",F83=""),0,IF(COUNTIFS($A$2:A83,A83,$F$2:F83,F83)=1,1,0)) -> 0 | N83: =IF(A83="","",IFERROR(INDEX(Events!$F$2:$F$67,MATCH(A83,Events!$A$2:$A$67,0)),"")) -> POL | O83: =IF(AND(G83=1,K83="Yes",N83="POL"),IF(COUNTIFS($A$2:A83,A83,$D$2:D83,D83,$E$2:E83,E83,$G$2:G83,1)=1,1,0),0) -> 0 | P83: =IF(AND(ISNUMBER(G83),K83="Yes",N83="POL"),IF(AND(G83>=1,G83<=3,COUNTIFS($A$2:A83,A83,$D$2:D83,D83,$E$2:E83,E83,$G$2:G83,G83)=1),1,0),0) -> 1
A84: X11 | B84: 46254 | C84: =IF(A84="","",IFERROR(INDEX(Events!$D$2:$D$67,MATCH(A84,Events!$A$2:$A$67,0)),"Unknown event ID")) -> GP Lucien Van Impe | D84: One-day race | E84: Elite | F84: Maja Tracka | H84: DNF | J84: https://cyclingflash.com/profile/maja-tracka | K84: =IF(A84="","",IFERROR(IF(INDEX(Events!$J$2:$J$67,MATCH(A84,Events!$A$2:$A$67,0))="Yes",IF(ISNUMBER(SEARCH("Criterium final",D84)),"No","Yes"),"No"),"")) -> No | M84: =IF(OR(A84="",F84=""),0,IF(COUNTIFS($A$2:A84,A84,$F$2:F84,F84)=1,1,0)) -> 1 | N84: =IF(A84="","",IFERROR(INDEX(Events!$F$2:$F$67,MATCH(A84,Events!$A$2:$A$67,0)),"")) -> BEL | O84: =IF(AND(G84=1,K84="Yes",N84="POL"),IF(COUNTIFS($A$2:A84,A84,$D$2:D84,D84,$E$2:E84,E84,$G$2:G84,1)=1,1,0),0) -> 0 | P84: =IF(AND(ISNUMBER(G84),K84="Yes",N84="POL"),IF(AND(G84>=1,G84<=3,COUNTIFS($A$2:A84,A84,$D$2:D84,D84,$E$2:E84,E84,$G$2:G84,G84)=1),1,0),0) -> 0
A85: X12 | B85: 46255 | C85: =IF(A85="","",IFERROR(INDEX(Events!$D$2:$D$67,MATCH(A85,Events!$A$2:$A$67,0)),"Unknown event ID")) -> Konvert Kortrijk Koerse | D85: One-day race | E85: Elite | F85: Maja Tracka | G85: 35 | H85: Classified | J85: https://cyclingflash.com/profile/maja-tracka | K85: =IF(A85="","",IFERROR(IF(INDEX(Events!$J$2:$J$67,MATCH(A85,Events!$A$2:$A$67,0))="Yes",IF(ISNUMBER(SEARCH("Criterium final",D85)),"No","Yes"),"No"),"")) -> No | M85: =IF(OR(A85="",F85=""),0,IF(COUNTIFS($A$2:A85,A85,$F$2:F85,F85)=1,1,0)) -> 1 | N85: =IF(A85="","",IFERROR(INDEX(Events!$F$2:$F$67,MATCH(A85,Events!$A$2:$A$67,0)),"")) -> BEL | O85: =IF(AND(G85=1,K85="Yes",N85="POL"),IF(COUNTIFS($A$2:A85,A85,$D$2:D85,D85,$E$2:E85,E85,$G$2:G85,1)=1,1,0),0) -> 0 | P85: =IF(AND(ISNUMBER(G85),K85="Yes",N85="POL"),IF(AND(G85>=1,G85<=3,COUNTIFS($A$2:A85,A85,$D$2:D85,D85,$E$2:E85,E85,$G$2:G85,G85)=1),1,0),0) -> 0
A86: E46 | B86: 46277 | C86: =IF(A86="","",IFERROR(INDEX(Events!$D$2:$D$67,MATCH(A86,Events!$A$2:$A$67,0)),"Unknown event ID")) -> Polish Pairs & Team Time Trial Championships | D86: Pairs TT | E86: Elite | F86: Maja Tracka | G86: 1 | H86: Classified | I86: With Szczęsna | J86: https://naszosie.pl/2026/09/12/mistrzostwa-polski-dwojek-i-druzyn-2026-wyniki-zmagan-duetow/ | K86: =IF(A86="","",IFERROR(IF(INDEX(Events!$J$2:$J$67,MATCH(A86,Events!$A$2:$A$67,0))="Yes",IF(ISNUMBER(SEARCH("Criterium final",D86)),"No","Yes"),"No"),"")) -> Yes | M86: =IF(OR(A86="",F86=""),0,IF(COUNTIFS($A$2:A86,A86,$F$2:F86,F86)=1,1,0)) -> 1 | N86: =IF(A86="","",IFERROR(INDEX(Events!$F$2:$F$67,MATCH(A86,Events!$A$2:$A$67,0)),"")) -> POL | O86: =IF(AND(G86=1,K86="Yes",N86="POL"),IF(COUNTIFS($A$2:A86,A86,$D$2:D86,D86,$E$2:E86,E86,$G$2:G86,1)=1,1,0),0) -> 1 | P86: =IF(AND(ISNUMBER(G86),K86="Yes",N86="POL"),IF(AND(G86>=1,G86<=3,COUNTIFS($A$2:A86,A86,$D$2:D86,D86,$E$2:E86,E86,$G$2:G86,G86)=1),1,0),0) -> 1
A87: E46 | B87: 46277 | C87: =IF(A87="","",IFERROR(INDEX(Events!$D$2:$D$67,MATCH(A87,Events!$A$2:$A$67,0)),"Unknown event ID")) -> Polish Pairs & Team Time Trial Championships | D87: Pairs TT | E87: U23 | F87: Maja Tracka | G87: 1 | H87: Classified | I87: With Szczęsna | J87: https://naszosie.pl/2026/09/12/mistrzostwa-polski-dwojek-i-druzyn-2026-wyniki-zmagan-duetow/ | K87: =IF(A87="","",IFERROR(IF(INDEX(Events!$J$2:$J$67,MATCH(A87,Events!$A$2:$A$67,0))="Yes",IF(ISNUMBER(SEARCH("Criterium final",D87)),"No","Yes"),"No"),"")) -> Yes | M87: =IF(OR(A87="",F87=""),0,IF(COUNTIFS($A$2:A87,A87,$F$2:F87,F87)=1,1,0)) -> 0 | N87: =IF(A87="","",IFERROR(INDEX(Events!$F$2:$F$67,MATCH(A87,Events!$A$2:$A$67,0)),"")) -> POL | O87: =IF(AND(G87=1,K87="Yes",N87="POL"),IF(COUNTIFS($A$2:A87,A87,$D$2:D87,D87,$E$2:E87,E87,$G$2:G87,1)=1,1,0),0) -> 1 | P87: =IF(AND(ISNUMBER(G87),K87="Yes",N87="POL"),IF(AND(G87>=1,G87<=3,COUNTIFS($A$2:A87,A87,$D$2:D87,D87,$E$2:E87,E87,$G$2:G87,G87)=1),1,0),0) -> 1
A88: E46 | B88: 46278 | C88: =IF(A88="","",IFERROR(INDEX(Events!$D$2:$D$67,MATCH(A88,Events!$A$2:$A$67,0)),"Unknown event ID")) -> Polish Pairs & Team Time Trial Championships | D88: Team TT | E88: Elite | F88: Maja Tracka | G88: 1 | H88: Classified | I88: With Szczęsna, Hartman, Gaborska | J88: https://naszosie.pl/2026/09/13/mistrzostwa-polski-dwojek-i-druzyn-2026-wyniki-zmagan-zespolow/ | K88: =IF(A88="","",IFERROR(IF(INDEX(Events!$J$2:$J$67,MATCH(A88,Events!$A$2:$A$67,0))="Yes",IF(ISNUMBER(SEARCH("Criterium final",D88)),"No","Yes"),"No"),"")) -> Yes | M88: =IF(OR(A88="",F88=""),0,IF(COUNTIFS($A$2:A88,A88,$F$2:F88,F88)=1,1,0)) -> 0 | N88: =IF(A88="","",IFERROR(INDEX(Events!$F$2:$F$67,MATCH(A88,Events!$A$2:$A$67,0)),"")) -> POL | O88: =IF(AND(G88=1,K88="Yes",N88="POL"),IF(COUNTIFS($A$2:A88,A88,$D$2:D88,D88,$E$2:E88,E88,$G$2:G88,1)=1,1,0),0) -> 1 | P88: =IF(AND(ISNUMBER(G88),K88="Yes",N88="POL"),IF(AND(G88>=1,G88<=3,COUNTIFS($A$2:A88,A88,$D$2:D88,D88,$E$2:E88,E88,$G$2:G88,G88)=1),1,0),0) -> 1
A89: E46 | B89: 46278 | C89: =IF(A89="","",IFERROR(INDEX(Events!$D$2:$D$67,MATCH(A89,Events!$A$2:$A$67,0)),"Unknown event ID")) -> Polish Pairs & Team Time Trial Championships | D89: Team TT | E89: U23 | F89: Maja Tracka | G89: 1 | H89: Classified | I89: With Szczęsna, Hartman, Gaborska | J89: https://naszosie.pl/2026/09/13/mistrzostwa-polski-dwojek-i-druzyn-2026-wyniki-zmagan-zespolow/ | K89: =IF(A89="","",IFERROR(IF(INDEX(Events!$J$2:$J$67,MATCH(A89,Events!$A$2:$A$67,0))="Yes",IF(ISNUMBER(SEARCH("Criterium final",D89)),"No","Yes"),"No"),"")) -> Yes | M89: =IF(OR(A89="",F89=""),0,IF(COUNTIFS($A$2:A89,A89,$F$2:F89,F89)=1,1,0)) -> 0 | N89: =IF(A89="","",IFERROR(INDEX(Events!$F$2:$F$67,MATCH(A89,Events!$A$2:$A$67,0)),"")) -> POL | O89: =IF(AND(G89=1,K89="Yes",N89="POL"),IF(COUNTIFS($A$2:A89,A89,$D$2:D89,D89,$E$2:E89,E89,$G$2:G89,1)=1,1,0),0) -> 1 | P89: =IF(AND(ISNUMBER(G89),K89="Yes",N89="POL"),IF(AND(G89>=1,G89<=3,COUNTIFS($A$2:A89,A89,$D$2:D89,D89,$E$2:E89,E89,$G$2:G89,G89)=1),1,0),0) -> 1
A90: E03 | B90: 46055 | C90: =IF(A90="","",IFERROR(INDEX(Events!$D$2:$D$67,MATCH(A90,Events!$A$2:$A$67,0)),"Unknown event ID")) -> UEC Track Elite European Championships | D90: Team pursuit | E90: Elite | F90: Martyna Szczęsna | G90: 9 | H90: Classified | J90: https://cyclingflash.com/profile/martyna-szczesna | K90: =IF(A90="","",IFERROR(IF(INDEX(Events!$J$2:$J$67,MATCH(A90,Events!$A$2:$A$67,0))="Yes",IF(ISNUMBER(SEARCH("Criterium final",D90)),"No","Yes"),"No"),"")) -> No | M90: =IF(OR(A90="",F90=""),0,IF(COUNTIFS($A$2:A90,A90,$F$2:F90,F90)=1,1,0)) -> 1 | N90: =IF(A90="","",IFERROR(INDEX(Events!$F$2:$F$67,MATCH(A90,Events!$A$2:$A$67,0)),"")) -> TUR | O90: =IF(AND(G90=1,K90="Yes",N90="POL"),IF(COUNTIFS($A$2:A90,A90,$D$2:D90,D90,$E$2:E90,E90,$G$2:G90,1)=1,1,0),0) -> 0 | P90: =IF(AND(ISNUMBER(G90),K90="Yes",N90="POL"),IF(AND(G90>=1,G90<=3,COUNTIFS($A$2:A90,A90,$D$2:D90,D90,$E$2:E90,E90,$G$2:G90,G90)=1),1,0),0) -> 0
A91: E03 | B91: 46057 | C91: =IF(A91="","",IFERROR(INDEX(Events!$D$2:$D$67,MATCH(A91,Events!$A$2:$A$67,0)),"Unknown event ID")) -> UEC Track Elite European Championships | D91: Individual pursuit | E91: Elite | F91: Martyna Szczęsna | G91: 12 | H91: Classified | J91: https://cyclingflash.com/profile/martyna-szczesna | K91: =IF(A91="","",IFERROR(IF(INDEX(Events!$J$2:$J$67,MATCH(A91,Events!$A$2:$A$67,0))="Yes",IF(ISNUMBER(SEARCH("Criterium final",D91)),"No","Yes"),"No"),"")) -> No | M91: =IF(OR(A91="",F91=""),0,IF(COUNTIFS($A$2:A91,A91,$F$2:F91,F91)=1,1,0)) -> 0 | N91: =IF(A91="","",IFERROR(INDEX(Events!$F$2:$F$67,MATCH(A91,Events!$A$2:$A$67,0)),"")) -> TUR | O91: =IF(AND(G91=1,K91="Yes",N91="POL"),IF(COUNTIFS($A$2:A91,A91,$D$2:D91,D91,$E$2:E91,E91,$G$2:G91,1)=1,1,0),0) -> 0 | P91: =IF(AND(ISNUMBER(G91),K91="Yes",N91="POL"),IF(AND(G91>=1,G91<=3,COUNTIFS($A$2:A91,A91,$D$2:D91,D91,$E$2:E91,E91,$G$2:G91,G91)=1),1,0),0) -> 0
A92: E07 | B92: 46085 | C92: =IF(A92="","",IFERROR(INDEX(Events!$D$2:$D$67,MATCH(A92,Events!$A$2:$A$67,0)),"Unknown event ID")) -> UMAG Classic Ladies | D92: One-day race | E92: Elite | F92: Martyna Szczęsna | G92: 41 | H92: Classified | J92: https://cyclingflash.com/profile/martyna-szczesna | K92: =IF(A92="","",IFERROR(IF(INDEX(Events!$J$2:$J$67,MATCH(A92,Events!$A$2:$A$67,0))="Yes",IF(ISNUMBER(SEARCH("Criterium final",D92)),"No","Yes"),"No"),"")) -> No | M92: =IF(OR(A92="",F92=""),0,IF(COUNTIFS($A$2:A92,A92,$F$2:F92,F92)=1,1,0)) -> 1 | N92: =IF(A92="","",IFERROR(INDEX(Events!$F$2:$F$67,MATCH(A92,Events!$A$2:$A$67,0)),"")) -> CRO | O92: =IF(AND(G92=1,K92="Yes",N92="POL"),IF(COUNTIFS($A$2:A92,A92,$D$2:D92,D92,$E$2:E92,E92,$G$2:G92,1)=1,1,0),0) -> 0 | P92: =IF(AND(ISNUMBER(G92),K92="Yes",N92="POL"),IF(AND(G92>=1,G92<=3,COUNTIFS($A$2:A92,A92,$D$2:D92,D92,$E$2:E92,E92,$G$2:G92,G92)=1),1,0),0) -> 0
A93: E09 | B93: 46089 | C93: =IF(A93="","",IFERROR(INDEX(Events!$D$2:$D$67,MATCH(A93,Events!$A$2:$A$67,0)),"Unknown event ID")) -> POREČ Classic Ladies | D93: One-day race | E93: Elite | F93: Martyna Szczęsna | G93: 33 | H93: Classified | J93: https://cyclingflash.com/profile/martyna-szczesna | K93: =IF(A93="","",IFERROR(IF(INDEX(Events!$J$2:$J$67,MATCH(A93,Events!$A$2:$A$67,0))="Yes",IF(ISNUMBER(SEARCH("Criterium final",D93)),"No","Yes"),"No"),"")) -> No | M93: =IF(OR(A93="",F93=""),0,IF(COUNTIFS($A$2:A93,A93,$F$2:F93,F93)=1,1,0)) -> 1 | N93: =IF(A93="","",IFERROR(INDEX(Events!$F$2:$F$67,MATCH(A93,Events!$A$2:$A$67,0)),"")) -> CRO | O93: =IF(AND(G93=1,K93="Yes",N93="POL"),IF(COUNTIFS($A$2:A93,A93,$D$2:D93,D93,$E$2:E93,E93,$G$2:G93,1)=1,1,0),0) -> 0 | P93: =IF(AND(ISNUMBER(G93),K93="Yes",N93="POL"),IF(AND(G93>=1,G93<=3,COUNTIFS($A$2:A93,A93,$D$2:D93,D93,$E$2:E93,E93,$G$2:G93,G93)=1),1,0),0) -> 0
A94: E13 | B94: 46118 | C94: =IF(A94="","",IFERROR(INDEX(Events!$D$2:$D$67,MATCH(A94,Events!$A$2:$A$67,0)),"Unknown event ID")) -> Ronde de Mouscron | D94: One-day race | E94: Elite | F94: Martyna Szczęsna | G94: 34 | H94: Classified | J94: https://cyclingflash.com/profile/martyna-szczesna | K94: =IF(A94="","",IFERROR(IF(INDEX(Events!$J$2:$J$67,MATCH(A94,Events!$A$2:$A$67,0))="Yes",IF(ISNUMBER(SEARCH("Criterium final",D94)),"No","Yes"),"No"),"")) -> No | M94: =IF(OR(A94="",F94=""),0,IF(COUNTIFS($A$2:A94,A94,$F$2:F94,F94)=1,1,0)) -> 1 | N94: =IF(A94="","",IFERROR(INDEX(Events!$F$2:$F$67,MATCH(A94,Events!$A$2:$A$67,0)),"")) -> BEL | O94: =IF(AND(G94=1,K94="Yes",N94="POL"),IF(COUNTIFS($A$2:A94,A94,$D$2:D94,D94,$E$2:E94,E94,$G$2:G94,1)=1,1,0),0) -> 0 | P94: =IF(AND(ISNUMBER(G94),K94="Yes",N94="POL"),IF(AND(G94>=1,G94<=3,COUNTIFS($A$2:A94,A94,$D$2:D94,D94,$E$2:E94,E94,$G$2:G94,G94)=1),1,0),0) -> 0
A95: E14 | B95: 46120 | C95: =IF(A95="","",IFERROR(INDEX(Events!$D$2:$D$67,MATCH(A95,Events!$A$2:$A$67,0)),"Unknown event ID")) -> Scheldeprijs Vrouwen Elite | D95: One-day race | E95: Elite | F95: Martyna Szczęsna | H95: DNF | J95: https://cyclingflash.com/profile/martyna-szczesna | K95: =IF(A95="","",IFERROR(IF(INDEX(Events!$J$2:$J$67,MATCH(A95,Events!$A$2:$A$67,0))="Yes",IF(ISNUMBER(SEARCH("Criterium final",D95)),"No","Yes"),"No"),"")) -> No | M95: =IF(OR(A95="",F95=""),0,IF(COUNTIFS($A$2:A95,A95,$F$2:F95,F95)=1,1,0)) -> 1 | N95: =IF(A95="","",IFERROR(INDEX(Events!$F$2:$F$67,MATCH(A95,Events!$A$2:$A$67,0)),"")) -> BEL | O95: =IF(AND(G95=1,K95="Yes",N95="POL"),IF(COUNTIFS($A$2:A95,A95,$D$2:D95,D95,$E$2:E95,E95,$G$2:G95,1)=1,1,0),0) -> 0 | P95: =IF(AND(ISNUMBER(G95),K95="Yes",N95="POL"),IF(AND(G95>=1,G95<=3,COUNTIFS($A$2:A95,A95,$D$2:D95,D95,$E$2:E95,E95,$G$2:G95,G95)=1),1,0),0) -> 0
A96: X02 | B96: 46129 | C96: =IF(A96="","",IFERROR(INDEX(Events!$D$2:$D$67,MATCH(A96,Events!$A$2:$A$67,0)),"Unknown event ID")) -> UCI Track Nations Cup – Hong Kong | D96: Team pursuit | E96: Elite | F96: Martyna Szczęsna | G96: 9 | H96: Classified | J96: https://cyclingflash.com/profile/martyna-szczesna | K96: =IF(A96="","",IFERROR(IF(INDEX(Events!$J$2:$J$67,MATCH(A96,Events!$A$2:$A$67,0))="Yes",IF(ISNUMBER(SEARCH("Criterium final",D96)),"No","Yes"),"No"),"")) -> No | M96: =IF(OR(A96="",F96=""),0,IF(COUNTIFS($A$2:A96,A96,$F$2:F96,F96)=1,1,0)) -> 1 | N96: =IF(A96="","",IFERROR(INDEX(Events!$F$2:$F$67,MATCH(A96,Events!$A$2:$A$67,0)),"")) -> HKG | O96: =IF(AND(G96=1,K96="Yes",N96="POL"),IF(COUNTIFS($A$2:A96,A96,$D$2:D96,D96,$E$2:E96,E96,$G$2:G96,1)=1,1,0),0) -> 0 | P96: =IF(AND(ISNUMBER(G96),K96="Yes",N96="POL"),IF(AND(G96>=1,G96<=3,COUNTIFS($A$2:A96,A96,$D$2:D96,D96,$E$2:E96,E96,$G$2:G96,G96)=1),1,0),0) -> 0
A97: X02 | B97: 46130 | C97: =IF(A97="","",IFERROR(INDEX(Events!$D$2:$D$67,MATCH(A97,Events!$A$2:$A$67,0)),"Unknown event ID")) -> UCI Track Nations Cup – Hong Kong | D97: Madison | E97: Elite | F97: Martyna Szczęsna | G97: 10 | H97: Classified | J97: https://cyclingflash.com/profile/martyna-szczesna | K97: =IF(A97="","",IFERROR(IF(INDEX(Events!$J$2:$J$67,MATCH(A97,Events!$A$2:$A$67,0))="Yes",IF(ISNUMBER(SEARCH("Criterium final",D97)),"No","Yes"),"No"),"")) -> No | M97: =IF(OR(A97="",F97=""),0,IF(COUNTIFS($A$2:A97,A97,$F$2:F97,F97)=1,1,0)) -> 0 | N97: =IF(A97="","",IFERROR(INDEX(Events!$F$2:$F$67,MATCH(A97,Events!$A$2:$A$67,0)),"")) -> HKG | O97: =IF(AND(G97=1,K97="Yes",N97="POL"),IF(COUNTIFS($A$2:A97,A97,$D$2:D97,D97,$E$2:E97,E97,$G$2:G97,1)=1,1,0),0) -> 0 | P97: =IF(AND(ISNUMBER(G97),K97="Yes",N97="POL"),IF(AND(G97>=1,G97<=3,COUNTIFS($A$2:A97,A97,$D$2:D97,D97,$E$2:E97,E97,$G$2:G97,G97)=1),1,0),0) -> 0
A98: X03 | B98: 46136 | C98: =IF(A98="","",IFERROR(INDEX(Events!$D$2:$D$67,MATCH(A98,Events!$A$2:$A$67,0)),"Unknown event ID")) -> UCI Track Nations Cup – Nilai | D98: Team pursuit | E98: Elite | F98: Martyna Szczęsna | G98: 8 | H98: Classified | J98: https://cyclingflash.com/profile/martyna-szczesna | K98: =IF(A98="","",IFERROR(IF(INDEX(Events!$J$2:$J$67,MATCH(A98,Events!$A$2:$A$67,0))="Yes",IF(ISNUMBER(SEARCH("Criterium final",D98)),"No","Yes"),"No"),"")) -> No | M98: =IF(OR(A98="",F98=""),0,IF(COUNTIFS($A$2:A98,A98,$F$2:F98,F98)=1,1,0)) -> 1 | N98: =IF(A98="","",IFERROR(INDEX(Events!$F$2:$F$67,MATCH(A98,Events!$A$2:$A$67,0)),"")) -> MAS | O98: =IF(AND(G98=1,K98="Yes",N98="POL"),IF(COUNTIFS($A$2:A98,A98,$D$2:D98,D98,$E$2:E98,E98,$G$2:G98,1)=1,1,0),0) -> 0 | P98: =IF(AND(ISNUMBER(G98),K98="Yes",N98="POL"),IF(AND(G98>=1,G98<=3,COUNTIFS($A$2:A98,A98,$D$2:D98,D98,$E$2:E98,E98,$G$2:G98,G98)=1),1,0),0) -> 0
A99: X03 | B99: 46137 | C99: =IF(A99="","",IFERROR(INDEX(Events!$D$2:$D$67,MATCH(A99,Events!$A$2:$A$67,0)),"Unknown event ID")) -> UCI Track Nations Cup – Nilai | D99: Madison | E99: Elite | F99: Martyna Szczęsna | G99: 9 | H99: Classified | J99: https://cyclingflash.com/profile/martyna-szczesna | K99: =IF(A99="","",IFERROR(IF(INDEX(Events!$J$2:$J$67,MATCH(A99,Events!$A$2:$A$67,0))="Yes",IF(ISNUMBER(SEARCH("Criterium final",D99)),"No","Yes"),"No"),"")) -> No | M99: =IF(OR(A99="",F99=""),0,IF(COUNTIFS($A$2:A99,A99,$F$2:F99,F99)=1,1,0)) -> 0 | N99: =IF(A99="","",IFERROR(INDEX(Events!$F$2:$F$67,MATCH(A99,Events!$A$2:$A$67,0)),"")) -> MAS | O99: =IF(AND(G99=1,K99="Yes",N99="POL"),IF(COUNTIFS($A$2:A99,A99,$D$2:D99,D99,$E$2:E99,E99,$G$2:G99,1)=1,1,0),0) -> 0 | P99: =IF(AND(ISNUMBER(G99),K99="Yes",N99="POL"),IF(AND(G99>=1,G99<=3,COUNTIFS($A$2:A99,A99,$D$2:D99,D99,$E$2:E99,E99,$G$2:G99,G99)=1),1,0),0) -> 0
A100: E20 | B100: 46142 | C100: =IF(A100="","",IFERROR(INDEX(Events!$D$2:$D$67,MATCH(A100,Events!$A$2:$A$67,0)),"Unknown event ID")) -> Gracia Orlová | D100: Stage 1 | E100: Elite | F100: Martyna Szczęsna | G100: 65 | H100: Classified | J100: https://cyclingflash.com/profile/martyna-szczesna | K100: =IF(A100="","",IFERROR(IF(INDEX(Events!$J$2:$J$67,MATCH(A100,Events!$A$2:$A$67,0))="Yes",IF(ISNUMBER(SEARCH("Criterium final",D100)),"No","Yes"),"No"),"")) -> No | M100: =IF(OR(A100="",F100=""),0,IF(COUNTIFS($A$2:A100,A100,$F$2:F100,F100)=1,1,0)) -> 1 | N100: =IF(A100="","",IFERROR(INDEX(Events!$F$2:$F$67,MATCH(A100,Events!$A$2:$A$67,0)),"")) -> CZE | O100: =IF(AND(G100=1,K100="Yes",N100="POL"),IF(COUNTIFS($A$2:A100,A100,$D$2:D100,D100,$E$2:E100,E100,$G$2:G100,1)=1,1,0),0) -> 0 | P100: =IF(AND(ISNUMBER(G100),K100="Yes",N100="POL"),IF(AND(G100>=1,G100<=3,COUNTIFS($A$2:A100,A100,$D$2:D100,D100,$E$2:E100,E100,$G$2:G100,G100)=1),1,0),0) -> 0
A101: E20 | B101: 46143 | C101: =IF(A101="","",IFERROR(INDEX(Events!$D$2:$D$67,MATCH(A101,Events!$A$2:$A$67,0)),"Unknown event ID")) -> Gracia Orlová | D101: Stage 2 | E101: Elite | F101: Martyna Szczęsna | G101: 75 | H101: Classified | J101: https://cyclingflash.com/profile/martyna-szczesna | K101: =IF(A101="","",IFERROR(IF(INDEX(Events!$J$2:$J$67,MATCH(A101,Events!$A$2:$A$67,0))="Yes",IF(ISNUMBER(SEARCH("Criterium final",D101)),"No","Yes"),"No"),"")) -> No | M101: =IF(OR(A101="",F101=""),0,IF(COUNTIFS($A$2:A101,A101,$F$2:F101,F101)=1,1,0)) -> 0 | N101: =IF(A101="","",IFERROR(INDEX(Events!$F$2:$F$67,MATCH(A101,Events!$A$2:$A$67,0)),"")) -> CZE | O101: =IF(AND(G101=1,K101="Yes",N101="POL"),IF(COUNTIFS($A$2:A101,A101,$D$2:D101,D101,$E$2:E101,E101,$G$2:G101,1)=1,1,0),0) -> 0 | P101: =IF(AND(ISNUMBER(G101),K101="Yes",N101="POL"),IF(AND(G101>=1,G101<=3,COUNTIFS($A$2:A101,A101,$D$2:D101,D101,$E$2:E101,E101,$G$2:G101,G101)=1),1,0),0) -> 0
A102: E20 | B102: 46144 | C102: =IF(A102="","",IFERROR(INDEX(Events!$D$2:$D$67,MATCH(A102,Events!$A$2:$A$67,0)),"Unknown event ID")) -> Gracia Orlová | D102: Stage 3 | E102: Elite | F102: Martyna Szczęsna | G102: 10 | H102: Classified | J102: https://cyclingflash.com/profile/martyna-szczesna | K102: =IF(A102="","",IFERROR(IF(INDEX(Events!$J$2:$J$67,MATCH(A102,Events!$A$2:$A$67,0))="Yes",IF(ISNUMBER(SEARCH("Criterium final",D102)),"No","Yes"),"No"),"")) -> No | M102: =IF(OR(A102="",F102=""),0,IF(COUNTIFS($A$2:A102,A102,$F$2:F102,F102)=1,1,0)) -> 0 | N102: =IF(A102="","",IFERROR(INDEX(Events!$F$2:$F$67,MATCH(A102,Events!$A$2:$A$67,0)),"")) -> CZE | O102: =IF(AND(G102=1,K102="Yes",N102="POL"),IF(COUNTIFS($A$2:A102,A102,$D$2:D102,D102,$E$2:E102,E102,$G$2:G102,1)=1,1,0),0) -> 0 | P102: =IF(AND(ISNUMBER(G102),K102="Yes",N102="POL"),IF(AND(G102>=1,G102<=3,COUNTIFS($A$2:A102,A102,$D$2:D102,D102,$E$2:E102,E102,$G$2:G102,G102)=1),1,0),0) -> 0
A103: E20 | B103: 46144 | C103: =IF(A103="","",IFERROR(INDEX(Events!$D$2:$D$67,MATCH(A103,Events!$A$2:$A$67,0)),"Unknown event ID")) -> Gracia Orlová | D103: Stage 4 | E103: Elite | F103: Martyna Szczęsna | G103: 17 | H103: Classified | J103: https://cyclingflash.com/profile/martyna-szczesna | K103: =IF(A103="","",IFERROR(IF(INDEX(Events!$J$2:$J$67,MATCH(A103,Events!$A$2:$A$67,0))="Yes",IF(ISNUMBER(SEARCH("Criterium final",D103)),"No","Yes"),"No"),"")) -> No | M103: =IF(OR(A103="",F103=""),0,IF(COUNTIFS($A$2:A103,A103,$F$2:F103,F103)=1,1,0)) -> 0 | N103: =IF(A103="","",IFERROR(INDEX(Events!$F$2:$F$67,MATCH(A103,Events!$A$2:$A$67,0)),"")) -> CZE | O103: =IF(AND(G103=1,K103="Yes",N103="POL"),IF(COUNTIFS($A$2:A103,A103,$D$2:D103,D103,$E$2:E103,E103,$G$2:G103,1)=1,1,0),0) -> 0 | P103: =IF(AND(ISNUMBER(G103),K103="Yes",N103="POL"),IF(AND(G103>=1,G103<=3,COUNTIFS($A$2:A103,A103,$D$2:D103,D103,$E$2:E103,E103,$G$2:G103,G103)=1),1,0),0) -> 0
A104: E20 | B104: 46145 | C104: =IF(A104="","",IFERROR(INDEX(Events!$D$2:$D$67,MATCH(A104,Events!$A$2:$A$67,0)),"Unknown event ID")) -> Gracia Orlová | D104: Stage 5 | E104: Elite | F104: Martyna Szczęsna | G104: 34 | H104: Classified | J104: https://cyclingflash.com/profile/martyna-szczesna | K104: =IF(A104="","",IFERROR(IF(INDEX(Events!$J$2:$J$67,MATCH(A104,Events!$A$2:$A$67,0))="Yes",IF(ISNUMBER(SEARCH("Criterium final",D104)),"No","Yes"),"No"),"")) -> No | M104: =IF(OR(A104="",F104=""),0,IF(COUNTIFS($A$2:A104,A104,$F$2:F104,F104)=1,1,0)) -> 0 | N104: =IF(A104="","",IFERROR(INDEX(Events!$F$2:$F$67,MATCH(A104,Events!$A$2:$A$67,0)),"")) -> CZE | O104: =IF(AND(G104=1,K104="Yes",N104="POL"),IF(COUNTIFS($A$2:A104,A104,$D$2:D104,D104,$E$2:E104,E104,$G$2:G104,1)=1,1,0),0) -> 0 | P104: =IF(AND(ISNUMBER(G104),K104="Yes",N104="POL"),IF(AND(G104>=1,G104<=3,COUNTIFS($A$2:A104,A104,$D$2:D104,D104,$E$2:E104,E104,$G$2:G104,G104)=1),1,0),0) -> 0
A105: E20 | B105: 46145 | C105: =IF(A105="","",IFERROR(INDEX(Events!$D$2:$D$67,MATCH(A105,Events!$A$2:$A$67,0)),"Unknown event ID")) -> Gracia Orlová | D105: General classification (final) | E105: Elite | F105: Martyna Szczęsna | G105: 46 | H105: Classified | J105: https://cyclingflash.com/profile/martyna-szczesna | K105: =IF(A105="","",IFERROR(IF(INDEX(Events!$J$2:$J$67,MATCH(A105,Events!$A$2:$A$67,0))="Yes",IF(ISNUMBER(SEARCH("Criterium final",D105)),"No","Yes"),"No"),"")) -> No | M105: =IF(OR(A105="",F105=""),0,IF(COUNTIFS($A$2:A105,A105,$F$2:F105,F105)=1,1,0)) -> 0 | N105: =IF(A105="","",IFERROR(INDEX(Events!$F$2:$F$67,MATCH(A105,Events!$A$2:$A$67,0)),"")) -> CZE | O105: =IF(AND(G105=1,K105="Yes",N105="POL"),IF(COUNTIFS($A$2:A105,A105,$D$2:D105,D105,$E$2:E105,E105,$G$2:G105,1)=1,1,0),0) -> 0 | P105: =IF(AND(ISNUMBER(G105),K105="Yes",N105="POL"),IF(AND(G105>=1,G105<=3,COUNTIFS($A$2:A105,A105,$D$2:D105,D105,$E$2:E105,E105,$G$2:G105,G105)=1),1,0),0) -> 0
A106: E25 | B106: 46156 | C106: =IF(A106="","",IFERROR(INDEX(Events!$D$2:$D$67,MATCH(A106,Events!$A$2:$A$67,0)),"Unknown event ID")) -> Tour de Feminin | D106: Stage 1 (TTT, 12 km) | E106: Elite | F106: Martyna Szczęsna | G106: 7 | H106: Classified | J106: https://cyclingflash.com/profile/martyna-szczesna | K106: =IF(A106="","",IFERROR(IF(INDEX(Events!$J$2:$J$67,MATCH(A106,Events!$A$2:$A$67,0))="Yes",IF(ISNUMBER(SEARCH("Criterium final",D106)),"No","Yes"),"No"),"")) -> No | M106: =IF(OR(A106="",F106=""),0,IF(COUNTIFS($A$2:A106,A106,$F$2:F106,F106)=1,1,0)) -> 1 | N106: =IF(A106="","",IFERROR(INDEX(Events!$F$2:$F$67,MATCH(A106,Events!$A$2:$A$67,0)),"")) -> CZE | O106: =IF(AND(G106=1,K106="Yes",N106="POL"),IF(COUNTIFS($A$2:A106,A106,$D$2:D106,D106,$E$2:E106,E106,$G$2:G106,1)=1,1,0),0) -> 0 | P106: =IF(AND(ISNUMBER(G106),K106="Yes",N106="POL"),IF(AND(G106>=1,G106<=3,COUNTIFS($A$2:A106,A106,$D$2:D106,D106,$E$2:E106,E106,$G$2:G106,G106)=1),1,0),0) -> 0
A107: E25 | B107: 46157 | C107: =IF(A107="","",IFERROR(INDEX(Events!$D$2:$D$67,MATCH(A107,Events!$A$2:$A$67,0)),"Unknown event ID")) -> Tour de Feminin | D107: Stage 2 | E107: Elite | F107: Martyna Szczęsna | G107: 15 | H107: Classified | J107: https://cyclingflash.com/profile/martyna-szczesna | K107: =IF(A107="","",IFERROR(IF(INDEX(Events!$J$2:$J$67,MATCH(A107,Events!$A$2:$A$67,0))="Yes",IF(ISNUMBER(SEARCH("Criterium final",D107)),"No","Yes"),"No"),"")) -> No | M107: =IF(OR(A107="",F107=""),0,IF(COUNTIFS($A$2:A107,A107,$F$2:F107,F107)=1,1,0)) -> 0 | N107: =IF(A107="","",IFERROR(INDEX(Events!$F$2:$F$67,MATCH(A107,Events!$A$2:$A$67,0)),"")) -> CZE | O107: =IF(AND(G107=1,K107="Yes",N107="POL"),IF(COUNTIFS($A$2:A107,A107,$D$2:D107,D107,$E$2:E107,E107,$G$2:G107,1)=1,1,0),0) -> 0 | P107: =IF(AND(ISNUMBER(G107),K107="Yes",N107="POL"),IF(AND(G107>=1,G107<=3,COUNTIFS($A$2:A107,A107,$D$2:D107,D107,$E$2:E107,E107,$G$2:G107,G107)=1),1,0),0) -> 0
... A114: E34 | B114: 46210 | C114: =IF(A114="","",IFERROR(INDEX(Events!$D$2:$D$67,MATCH(A114,Events!$A$2:$A$67,0)),"Unknown event ID")) -> UEC Track Junior & U23 European Championships | D114: Individual pursuit | E114: U23 | F114: Martyna Szczęsna | G114: 9 | H114: Classified | J114: https://naszosie.pl/2026/07/07/mlodziezowe-mistrzostwa-europy-na-torze-2026-polskie-wyniki-z-1-dnia-rywalizacji/ | K114: =IF(A114="","",IFERROR(IF(INDEX(Events!$J$2:$J$67,MATCH(A114,Events!$A$2:$A$67,0))="Yes",IF(ISNUMBER(SEARCH("Criterium final",D114)),"No","Yes"),"No"),"")) -> No | M114: =IF(OR(A114="",F114=""),0,IF(COUNTIFS($A$2:A114,A114,$F$2:F114,F114)=1,1,0)) -> 1 | N114: =IF(A114="","",IFERROR(INDEX(Events!$F$2:$F$67,MATCH(A114,Events!$A$2:$A$67,0)),"")) -> GER | O114: =IF(AND(G114=1,K114="Yes",N114="POL"),IF(COUNTIFS($A$2:A114,A114,$D$2:D114,D114,$E$2:E114,E114,$G$2:G114,1)=1,1,0),0) -> 0 | P114: =IF(AND(ISNUMBER(G114),K114="Yes",N114="POL"),IF(AND(G114>=1,G114<=3,COUNTIFS($A$2:A114,A114,$D$2:D114,D114,$E$2:E114,E114,$G$2:G114,G114)=1),1,0),0) -> 0
A115: E34 | B115: 46213 | C115: =IF(A115="","",IFERROR(INDEX(Events!$D$2:$D$67,MATCH(A115,Events!$A$2:$A$67,0)),"Unknown event ID")) -> UEC Track Junior & U23 European Championships | D115: Team pursuit | E115: U23 | F115: Martyna Szczęsna | G115: 3 | H115: Classified | I115: Poland: Sipko, Tracka, Szczęsna, Rabażyńska | J115: https://naszosie.pl/2026/07/10/mlodziezowe-mistrzostwa-europy-na-torze-2026-braz-orliczek-w-wyscigu-druzynowym/ | K115: =IF(A115="","",IFERROR(IF(INDEX(Events!$J$2:$J$67,MATCH(A115,Events!$A$2:$A$67,0))="Yes",IF(ISNUMBER(SEARCH("Criterium final",D115)),"No","Yes"),"No"),"")) -> No | M115: =IF(OR(A115="",F115=""),0,IF(COUNTIFS($A$2:A115,A115,$F$2:F115,F115)=1,1,0)) -> 0 | N115: =IF(A115="","",IFERROR(INDEX(Events!$F$2:$F$67,MATCH(A115,Events!$A$2:$A$67,0)),"")) -> GER | O115: =IF(AND(G115=1,K115="Yes",N115="POL"),IF(COUNTIFS($A$2:A115,A115,$D$2:D115,D115,$E$2:E115,E115,$G$2:G115,1)=1,1,0),0) -> 0 | P115: =IF(AND(ISNUMBER(G115),K115="Yes",N115="POL"),IF(AND(G115>=1,G115<=3,COUNTIFS($A$2:A115,A115,$D$2:D115,D115,$E$2:E115,E115,$G$2:G115,G115)=1),1,0),0) -> 0
A116: E34 | B116: 46215 | C116: =IF(A116="","",IFERROR(INDEX(Events!$D$2:$D$67,MATCH(A116,Events!$A$2:$A$67,0)),"Unknown event ID")) -> UEC Track Junior & U23 European Championships | D116: Madison | E116: U23 | F116: Martyna Szczęsna | G116: 7 | H116: Classified | I116: With Rabażyńska | J116: https://naszosie.pl/2026/07/12/mlodziezowe-mistrzostwa-europy-na-torze-2026-urszula-sipko-z-brazowym-medalem/ | K116: =IF(A116="","",IFERROR(IF(INDEX(Events!$J$2:$J$67,MATCH(A116,Events!$A$2:$A$67,0))="Yes",IF(ISNUMBER(SEARCH("Criterium final",D116)),"No","Yes"),"No"),"")) -> No | M116: =IF(OR(A116="",F116=""),0,IF(COUNTIFS($A$2:A116,A116,$F$2:F116,F116)=1,1,0)) -> 0 | N116: =IF(A116="","",IFERROR(INDEX(Events!$F$2:$F$67,MATCH(A116,Events!$A$2:$A$67,0)),"")) -> GER | O116: =IF(AND(G116=1,K116="Yes",N116="POL"),IF(COUNTIFS($A$2:A116,A116,$D$2:D116,D116,$E$2:E116,E116,$G$2:G116,1)=1,1,0),0) -> 0 | P116: =IF(AND(ISNUMBER(G116),K116="Yes",N116="POL"),IF(AND(G116>=1,G116<=3,COUNTIFS($A$2:A116,A116,$D$2:D116,D116,$E$2:E116,E116,$G$2:G116,G116)=1),1,0),0) -> 0
A117: E36 | B117: 46227 | C117: =IF(A117="","",IFERROR(INDEX(Events!$D$2:$D$67,MATCH(A117,Events!$A$2:$A$67,0)),"Unknown event ID")) -> Tour de Pologne Women | D117: Stage 1 | E117: Elite | F117: Martyna Szczęsna | G117: 68 | H117: Classified | J117: https://cyclingflash.com/profile/martyna-szczesna | K117: =IF(A117="","",IFERROR(IF(INDEX(Events!$J$2:$J$67,MATCH(A117,Events!$A$2:$A$67,0))="Yes",IF(ISNUMBER(SEARCH("Criterium final",D117)),"No","Yes"),"No"),"")) -> No | M117: =IF(OR(A117="",F117=""),0,IF(COUNTIFS($A$2:A117,A117,$F$2:F117,F117)=1,1,0)) -> 1 | N117: =IF(A117="","",IFERROR(INDEX(Events!$F$2:$F$67,MATCH(A117,Events!$A$2:$A$67,0)),"")) -> POL | O117: =IF(AND(G117=1,K117="Yes",N117="POL"),IF(COUNTIFS($A$2:A117,A117,$D$2:D117,D117,$E$2:E117,E117,$G$2:G117,1)=1,1,0),0) -> 0 | P117: =IF(AND(ISNUMBER(G117),K117="Yes",N117="POL"),IF(AND(G117>=1,G117<=3,COUNTIFS($A$2:A117,A117,$D$2:D117,D117,$E$2:E117,E117,$G$2:G117,G117)=1),1,0),0) -> 0
A118: E36 | B118: 46228 | C118: =IF(A118="","",IFERROR(INDEX(Events!$D$2:$D$67,MATCH(A118,Events!$A$2:$A$67,0)),"Unknown event ID")) -> Tour de Pologne Women | D118: Stage 2 | E118: Elite | F118: Martyna Szczęsna | G118: 17 | H118: Classified | J118: https://cyclingflash.com/profile/martyna-szczesna | K118: =IF(A118="","",IFERROR(IF(INDEX(Events!$J$2:$J$67,MATCH(A118,Events!$A$2:$A$67,0))="Yes",IF(ISNUMBER(SEARCH("Criterium final",D118)),"No","Yes"),"No"),"")) -> No | M118: =IF(OR(A118="",F118=""),0,IF(COUNTIFS($A$2:A118,A118,$F$2:F118,F118)=1,1,0)) -> 0 | N118: =IF(A118="","",IFERROR(INDEX(Events!$F$2:$F$67,MATCH(A118,Events!$A$2:$A$67,0)),"")) -> POL | O118: =IF(AND(G118=1,K118="Yes",N118="POL"),IF(COUNTIFS($A$2:A118,A118,$D$2:D118,D118,$E$2:E118,E118,$G$2:G118,1)=1,1,0),0) -> 0 | P118: =IF(AND(ISNUMBER(G118),K118="Yes",N118="POL"),IF(AND(G118>=1,G118<=3,COUNTIFS($A$2:A118,A118,$D$2:D118,D118,$E$2:E118,E118,$G$2:G118,G118)=1),1,0),0) -> 0
A119: E36 | B119: 46229 | C119: =IF(A119="","",IFERROR(INDEX(Events!$D$2:$D$67,MATCH(A119,Events!$A$2:$A$67,0)),"Unknown event ID")) -> Tour de Pologne Women | D119: Stage 3 | E119: Elite | F119: Martyna Szczęsna | G119: 41 | H119: Classified | J119: https://cyclingflash.com/profile/martyna-szczesna | K119: =IF(A119="","",IFERROR(IF(INDEX(Events!$J$2:$J$67,MATCH(A119,Events!$A$2:$A$67,0))="Yes",IF(ISNUMBER(SEARCH("Criterium final",D119)),"No","Yes"),"No"),"")) -> No | M119: =IF(OR(A119="",F119=""),0,IF(COUNTIFS($A$2:A119,A119,$F$2:F119,F119)=1,1,0)) -> 0 | N119: =IF(A119="","",IFERROR(INDEX(Events!$F$2:$F$67,MATCH(A119,Events!$A$2:$A$67,0)),"")) -> POL | O119: =IF(AND(G119=1,K119="Yes",N119="POL"),IF(COUNTIFS($A$2:A119,A119,$D$2:D119,D119,$E$2:E119,E119,$G$2:G119,1)=1,1,0),0) -> 0 | P119: =IF(AND(ISNUMBER(G119),K119="Yes",N119="POL"),IF(AND(G119>=1,G119<=3,COUNTIFS($A$2:A119,A119,$D$2:D119,D119,$E$2:E119,E119,$G$2:G119,G119)=1),1,0),0) -> 0
A120: E36 | B120: 46229 | C120: =IF(A120="","",IFERROR(INDEX(Events!$D$2:$D$67,MATCH(A120,Events!$A$2:$A$67,0)),"Unknown event ID")) -> Tour de Pologne Women | D120: General classification (final) | E120: Elite | F120: Martyna Szczęsna | G120: 64 | H120: Classified | J120: https://cyclingflash.com/profile/martyna-szczesna | K120: =IF(A120="","",IFERROR(IF(INDEX(Events!$J$2:$J$67,MATCH(A120,Events!$A$2:$A$67,0))="Yes",IF(ISNUMBER(SEARCH("Criterium final",D120)),"No","Yes"),"No"),"")) -> No | M120: =IF(OR(A120="",F120=""),0,IF(COUNTIFS($A$2:A120,A120,$F$2:F120,F120)=1,1,0)) -> 0 | N120: =IF(A120="","",IFERROR(INDEX(Events!$F$2:$F$67,MATCH(A120,Events!$A$2:$A$67,0)),"")) -> POL | O120: =IF(AND(G120=1,K120="Yes",N120="POL"),IF(COUNTIFS($A$2:A120,A120,$D$2:D120,D120,$E$2:E120,E120,$G$2:G120,1)=1,1,0),0) -> 0 | P120: =IF(AND(ISNUMBER(G120),K120="Yes",N120="POL"),IF(AND(G120>=1,G120<=3,COUNTIFS($A$2:A120,A120,$D$2:D120,D120,$E$2:E120,E120,$G$2:G120,G120)=1),1,0),0) -> 0
A121: E40 | B121: 46235 | C121: =IF(A121="","",IFERROR(INDEX(Events!$D$2:$D$67,MATCH(A121,Events!$A$2:$A$67,0)),"Unknown event ID")) -> Polish Elite Track Championships | D121: Team pursuit | E121: Elite | F121: Martyna Szczęsna | G121: 1 | H121: Classified | I121: With Kaczmarczyk, Tracka, Wankiewicz, Sipko | J121: https://naszosie.pl/2026/08/02/mistrzostwa-polski-elity-w-kolarstwie-torowym-2026-wyniki-z-1-dnia/ | K121: =IF(A121="","",IFERROR(IF(INDEX(Events!$J$2:$J$67,MATCH(A121,Events!$A$2:$A$67,0))="Yes",IF(ISNUMBER(SEARCH("Criterium final",D121)),"No","Yes"),"No"),"")) -> Yes | M121: =IF(OR(A121="",F121=""),0,IF(COUNTIFS($A$2:A121,A121,$F$2:F121,F121)=1,1,0)) -> 1 | N121: =IF(A121="","",IFERROR(INDEX(Events!$F$2:$F$67,MATCH(A121,Events!$A$2:$A$67,0)),"")) -> POL | O121: =IF(AND(G121=1,K121="Yes",N121="POL"),IF(COUNTIFS($A$2:A121,A121,$D$2:D121,D121,$E$2:E121,E121,$G$2:G121,1)=1,1,0),0) -> 0 | P121: =IF(AND(ISNUMBER(G121),K121="Yes",N121="POL"),IF(AND(G121>=1,G121<=3,COUNTIFS($A$2:A121,A121,$D$2:D121,D121,$E$2:E121,E121,$G$2:G121,G121)=1),1,0),0) -> 0
A122: E40 | B122: 46236 | C122: =IF(A122="","",IFERROR(INDEX(Events!$D$2:$D$67,MATCH(A122,Events!$A$2:$A$67,0)),"Unknown event ID")) -> Polish Elite Track Championships | D122: Omnium | E122: Elite | F122: Martyna Szczęsna | G122: 1 | H122: Classified | J122: https://naszosie.pl/2026/08/02/mistrzostwa-polski-elity-w-kolarstwie-torowym-wyniki-z-2-dnia/ | K122: =IF(A122="","",IFERROR(IF(INDEX(Events!$J$2:$J$67,MATCH(A122,Events!$A$2:$A$67,0))="Yes",IF(ISNUMBER(SEARCH("Criterium final",D122)),"No","Yes"),"No"),"")) -> Yes | M122: =IF(OR(A122="",F122=""),0,IF(COUNTIFS($A$2:A122,A122,$F$2:F122,F122)=1,1,0)) -> 0 | N122: =IF(A122="","",IFERROR(INDEX(Events!$F$2:$F$67,MATCH(A122,Events!$A$2:$A$67,0)),"")) -> POL | O122: =IF(AND(G122=1,K122="Yes",N122="POL"),IF(COUNTIFS($A$2:A122,A122,$D$2:D122,D122,$E$2:E122,E122,$G$2:G122,1)=1,1,0),0) -> 1 | P122: =IF(AND(ISNUMBER(G122),K122="Yes",N122="POL"),IF(AND(G122>=1,G122<=3,COUNTIFS($A$2:A122,A122,$D$2:D122,D122,$E$2:E122,E122,$G$2:G122,G122)=1),1,0),0) -> 1
A123: E40 | B123: 46237 | C123: =IF(A123="","",IFERROR(INDEX(Events!$D$2:$D$67,MATCH(A123,Events!$A$2:$A$67,0)),"Unknown event ID")) -> Polish Elite Track Championships | D123: 4 km individual pursuit | E123: Elite | F123: Martyna Szczęsna | G123: 1 | H123: Classified | J123: https://naszosie.pl/2026/08/03/mistrzostwa-polski-elity-w-kolarstwie-torowym-2026-wyniki-z-3-dnia/ | K123: =IF(A123="","",IFERROR(IF(INDEX(Events!$J$2:$J$67,MATCH(A123,Events!$A$2:$A$67,0))="Yes",IF(ISNUMBER(SEARCH("Criterium final",D123)),"No","Yes"),"No"),"")) -> Yes | M123: =IF(OR(A123="",F123=""),0,IF(COUNTIFS($A$2:A123,A123,$F$2:F123,F123)=1,1,0)) -> 0 | N123: =IF(A123="","",IFERROR(INDEX(Events!$F$2:$F$67,MATCH(A123,Events!$A$2:$A$67,0)),"")) -> POL | O123: =IF(AND(G123=1,K123="Yes",N123="POL"),IF(COUNTIFS($A$2:A123,A123,$D$2:D123,D123,$E$2:E123,E123,$G$2:G123,1)=1,1,0),0) -> 1 | P123: =IF(AND(ISNUMBER(G123),K123="Yes",N123="POL"),IF(AND(G123>=1,G123<=3,COUNTIFS($A$2:A123,A123,$D$2:D123,D123,$E$2:E123,E123,$G$2:G123,G123)=1),1,0),0) -> 1
A124: E40 | B124: 46237 | C124: =IF(A124="","",IFERROR(INDEX(Events!$D$2:$D$67,MATCH(A124,Events!$A$2:$A$67,0)),"Unknown event ID")) -> Polish Elite Track Championships | D124: Madison | E124: Elite | F124: Martyna Szczęsna | G124: 2 | H124: Classified | I124: With Wankiewicz | J124: https://naszosie.pl/2026/08/03/mistrzostwa-polski-elity-w-kolarstwie-torowym-2026-wyniki-z-3-dnia/ | K124: =IF(A124="","",IFERROR(IF(INDEX(Events!$J$2:$J$67,MATCH(A124,Events!$A$2:$A$67,0))="Yes",IF(ISNUMBER(SEARCH("Criterium final",D124)),"No","Yes"),"No"),"")) -> Yes | M124: =IF(OR(A124="",F124=""),0,IF(COUNTIFS($A$2:A124,A124,$F$2:F124,F124)=1,1,0)) -> 0 | N124: =IF(A124="","",IFERROR(INDEX(Events!$F$2:$F$67,MATCH(A124,Events!$A$2:$A$67,0)),"")) -> POL | O124: =IF(AND(G124=1,K124="Yes",N124="POL"),IF(COUNTIFS($A$2:A124,A124,$D$2:D124,D124,$E$2:E124,E124,$G$2:G124,1)=1,1,0),0) -> 0 | P124: =IF(AND(ISNUMBER(G124),K124="Yes",N124="POL"),IF(AND(G124>=1,G124<=3,COUNTIFS($A$2:A124,A124,$D$2:D124,D124,$E$2:E124,E124,$G$2:G124,G124)=1),1,0),0) -> 0
...

Sheet Matrix
A1: Best result per rider and event, 2026
A2: Best finishing position in any stage, classification or category of the event. DNF = only DNF rows entered. • = entered without a position.
A4: Rider | B4: E01 | C4: E02 | D4: E03 | E4: E06 | F4: E07 | G4: E09 | H4: X01 | I4: E10 | J4: E11 | K4: E12 | L4: E13 | M4: E14 | N4: E15 | O4: E16 | P4: X02 | Q4: E17 | R4: E18 | S4: X03 | T4: E19 | U4: E20 | V4: E21 | W4: E22 | X4: E23 | Y4: E24 | Z4: E25 | AA4: X04 | AB4: E26 | AC4: E27 | AD4: E28 | AE4: X05 | AF4: E29 | AG4: E30 | AH4: E31 | AI4: E32 | AJ4: E33 | AK4: X06 | AL4: X07 | AM4: E34 | AN4: E35 | AO4: X08 | AP4: X09 | AQ4: E36 | AR4: E37 | AS4: E38 | AT4: E39 | AU4: E40 | AV4: E41 | AW4: E42 | AX4: X10 | AY4: X11 | AZ4: X12 | BA4: X13 | BB4: E43 | BC4: E44 | BD4: E45 | BE4: E46 | BF4: E47 | BG4: E48 | BH4: X14 | BI4: X15 | BJ4: E49 | BK4: E50 | BL4: X16
A5: Event | B5: =INDEX(Events!$D$2:$D$67,MATCH(B$4,Events!$A$2:$A$67,0)) -> 4th Cyclocross im. Z. Hanusika | C5: =INDEX(Events!$D$2:$D$67,MATCH(C$4,Events!$A$2:$A$67,0)) -> Przełajowe Mistrzostwa Polski (Polish CX Championships) | D5: =INDEX(Events!$D$2:$D$67,MATCH(D$4,Events!$A$2:$A$67,0)) -> UEC Track Elite European Championships | E5: =INDEX(Events!$D$2:$D$67,MATCH(E$4,Events!$A$2:$A$67,0)) -> Polish Cup (track) – Puchar Polski | F5: =INDEX(Events!$D$2:$D$67,MATCH(F$4,Events!$A$2:$A$67,0)) -> UMAG Classic Ladies | G5: =INDEX(Events!$D$2:$D$67,MATCH(G$4,Events!$A$2:$A$67,0)) -> POREČ Classic Ladies | H5: =INDEX(Events!$D$2:$D$67,MATCH(H$4,Events!$A$2:$A$67,0)) -> Piccolo Trofeo Alfredo Binda – Valli del Verbano (juniors) | I5: =INDEX(Events!$D$2:$D$67,MATCH(I$4,Events!$A$2:$A$67,0)) -> Midwest Cycling Classic | ... BL5: =INDEX(Events!$D$2:$D$67,MATCH(BL$4,Events!$A$2:$A$67,0)) -> Polish MTB Marathon Championships
A6: Start | B6: =IF(INDEX(Events!$B$2:$B$67,MATCH(B$4,Events!$A$2:$A$67,0))="","TBC",INDEX(Events!$B$2:$B$67,MATCH(B$4,Events!$A$2:$A$67,0))) -> 46026 | C6: =IF(INDEX(Events!$B$2:$B$67,MATCH(C$4,Events!$A$2:$A$67,0))="","TBC",INDEX(Events!$B$2:$B$67,MATCH(C$4,Events!$A$2:$A$67,0))) -> 46031 | D6: =IF(INDEX(Events!$B$2:$B$67,MATCH(D$4,Events!$A$2:$A$67,0))="","TBC",INDEX(Events!$B$2:$B$67,MATCH(D$4,Events!$A$2:$A$67,0))) -> 46054 | E6: =IF(INDEX(Events!$B$2:$B$67,MATCH(E$4,Events!$A$2:$A$67,0))="","TBC",INDEX(Events!$B$2:$B$67,MATCH(E$4,Events!$A$2:$A$67,0))) -> 46074 | F6: =IF(INDEX(Events!$B$2:$B$67,MATCH(F$4,Events!$A$2:$A$67,0))="","TBC",INDEX(Events!$B$2:$B$67,MATCH(F$4,Events!$A$2:$A$67,0))) -> 46085 | G6: =IF(INDEX(Events!$B$2:$B$67,MATCH(G$4,Events!$A$2:$A$67,0))="","TBC",INDEX(Events!$B$2:$B$67,MATCH(G$4,Events!$A$2:$A$67,0))) -> 46089 | H6: =IF(INDEX(Events!$B$2:$B$67,MATCH(H$4,Events!$A$2:$A$67,0))="","TBC",INDEX(Events!$B$2:$B$67,MATCH(H$4,Events!$A$2:$A$67,0))) -> 46096 | I6: =IF(INDEX(Events!$B$2:$B$67,MATCH(I$4,Events!$A$2:$A$67,0))="","TBC",INDEX(Events!$B$2:$B$67,MATCH(I$4,Events!$A$2:$A$67,0))) -> 46103 | ... BL6: =IF(INDEX(Events!$B$2:$B$67,MATCH(BL$4,Events!$A$2:$A$67,0))="","TBC",INDEX(Events!$B$2:$B$67,MATCH(BL$4,Events!$A$2:$A$67,0))) -> TBC
A7: =Riders!A5 -> Olga Wankiewicz | B7: =IF(COUNTIFS(Results!$F$2:$F$482,$A7,Results!$A$2:$A$482,B$4)=0,"",IF(COUNTIFS(Results!$F$2:$F$482,$A7,Results!$A$2:$A$482,B$4,Results!$G$2:$G$482,">0")>0,_xlfn.MINIFS(Results!$G$2:$G$482,Results!$F$2:$F$482,$A7,Results!$A$2:$A$482,B$4,Results!$G$2:$G$482,">0"),IF(COUNTIFS(Results!$F$2:$F$482,$A7,Results!$A$2:$A$482,B$4,Results!$H$2:$H$482,"DNF")>0,"DNF","•"))) | C7: =IF(COUNTIFS(Results!$F$2:$F$482,$A7,Results!$A$2:$A$482,C$4)=0,"",IF(COUNTIFS(Results!$F$2:$F$482,$A7,Results!$A$2:$A$482,C$4,Results!$G$2:$G$482,">0")>0,_xlfn.MINIFS(Results!$G$2:$G$482,Results!$F$2:$F$482,$A7,Results!$A$2:$A$482,C$4,Results!$G$2:$G$482,">0"),IF(COUNTIFS(Results!$F$2:$F$482,$A7,Results!$A$2:$A$482,C$4,Results!$H$2:$H$482,"DNF")>0,"DNF","•"))) | D7: =IF(COUNTIFS(Results!$F$2:$F$482,$A7,Results!$A$2:$A$482,D$4)=0,"",IF(COUNTIFS(Results!$F$2:$F$482,$A7,Results!$A$2:$A$482,D$4,Results!$G$2:$G$482,">0")>0,_xlfn.MINIFS(Results!$G$2:$G$482,Results!$F$2:$F$482,$A7,Results!$A$2:$A$482,D$4,Results!$G$2:$G$482,">0"),IF(COUNTIFS(Results!$F$2:$F$482,$A7,Results!$A$2:$A$482,D$4,Results!$H$2:$H$482,"DNF")>0,"DNF","•"))) | E7: =IF(COUNTIFS(Results!$F$2:$F$482,$A7,Results!$A$2:$A$482,E$4)=0,"",IF(COUNTIFS(Results!$F$2:$F$482,$A7,Results!$A$2:$A$482,E$4,Results!$G$2:$G$482,">0")>0,_xlfn.MINIFS(Results!$G$2:$G$482,Results!$F$2:$F$482,$A7,Results!$A$2:$A$482,E$4,Results!$G$2:$G$482,">0"),IF(COUNTIFS(Results!$F$2:$F$482,$A7,Results!$A$2:$A$482,E$4,Results!$H$2:$H$482,"DNF")>0,"DNF","•"))) | F7: =IF(COUNTIFS(Results!$F$2:$F$482,$A7,Results!$A$2:$A$482,F$4)=0,"",IF(COUNTIFS(Results!$F$2:$F$482,$A7,Results!$A$2:$A$482,F$4,Results!$G$2:$G$482,">0")>0,_xlfn.MINIFS(Results!$G$2:$G$482,Results!$F$2:$F$482,$A7,Results!$A$2:$A$482,F$4,Results!$G$2:$G$482,">0"),IF(COUNTIFS(Results!$F$2:$F$482,$A7,Results!$A$2:$A$482,F$4,Results!$H$2:$H$482,"DNF")>0,"DNF","•"))) -> 13 | G7: =IF(COUNTIFS(Results!$F$2:$F$482,$A7,Results!$A$2:$A$482,G$4)=0,"",IF(COUNTIFS(Results!$F$2:$F$482,$A7,Results!$A$2:$A$482,G$4,Results!$G$2:$G$482,">0")>0,_xlfn.MINIFS(Results!$G$2:$G$482,Results!$F$2:$F$482,$A7,Results!$A$2:$A$482,G$4,Results!$G$2:$G$482,">0"),IF(COUNTIFS(Results!$F$2:$F$482,$A7,Results!$A$2:$A$482,G$4,Results!$H$2:$H$482,"DNF")>0,"DNF","•"))) -> 2 | H7: =IF(COUNTIFS(Results!$F$2:$F$482,$A7,Results!$A$2:$A$482,H$4)=0,"",IF(COUNTIFS(Results!$F$2:$F$482,$A7,Results!$A$2:$A$482,H$4,Results!$G$2:$G$482,">0")>0,_xlfn.MINIFS(Results!$G$2:$G$482,Results!$F$2:$F$482,$A7,Results!$A$2:$A$482,H$4,Results!$G$2:$G$482,">0"),IF(COUNTIFS(Results!$F$2:$F$482,$A7,Results!$A$2:$A$482,H$4,Results!$H$2:$H$482,"DNF")>0,"DNF","•"))) | I7: =IF(COUNTIFS(Results!$F$2:$F$482,$A7,Results!$A$2:$A$482,I$4)=0,"",IF(COUNTIFS(Results!$F$2:$F$482,$A7,Results!$A$2:$A$482,I$4,Results!$G$2:$G$482,">0")>0,_xlfn.MINIFS(Results!$G$2:$G$482,Results!$F$2:$F$482,$A7,Results!$A$2:$A$482,I$4,Results!$G$2:$G$482,">0"),IF(COUNTIFS(Results!$F$2:$F$482,$A7,Results!$A$2:$A$482,I$4,Results!$H$2:$H$482,"DNF")>0,"DNF","•"))) -> 9 | ... BL7: =IF(COUNTIFS(Results!$F$2:$F$482,$A7,Results!$A$2:$A$482,BL$4)=0,"",IF(COUNTIFS(Results!$F$2:$F$482,$A7,Results!$A$2:$A$482,BL$4,Results!$G$2:$G$482,">0")>0,_xlfn.MINIFS(Results!$G$2:$G$482,Results!$F$2:$F$482,$A7,Results!$A$2:$A$482,BL$4,Results!$G$2:$G$482,">0"),IF(COUNTIFS(Results!$F$2:$F$482,$A7,Results!$A$2:$A$482,BL$4,Results!$H$2:$H$482,"DNF")>0,"DNF","•")))
A8: =Riders!A6 -> Tamara Szalińska | B8: =IF(COUNTIFS(Results!$F$2:$F$482,$A8,Results!$A$2:$A$482,B$4)=0,"",IF(COUNTIFS(Results!$F$2:$F$482,$A8,Results!$A$2:$A$482,B$4,Results!$G$2:$G$482,">0")>0,_xlfn.MINIFS(Results!$G$2:$G$482,Results!$F$2:$F$482,$A8,Results!$A$2:$A$482,B$4,Results!$G$2:$G$482,">0"),IF(COUNTIFS(Results!$F$2:$F$482,$A8,Results!$A$2:$A$482,B$4,Results!$H$2:$H$482,"DNF")>0,"DNF","•"))) | C8: =IF(COUNTIFS(Results!$F$2:$F$482,$A8,Results!$A$2:$A$482,C$4)=0,"",IF(COUNTIFS(Results!$F$2:$F$482,$A8,Results!$A$2:$A$482,C$4,Results!$G$2:$G$482,">0")>0,_xlfn.MINIFS(Results!$G$2:$G$482,Results!$F$2:$F$482,$A8,Results!$A$2:$A$482,C$4,Results!$G$2:$G$482,">0"),IF(COUNTIFS(Results!$F$2:$F$482,$A8,Results!$A$2:$A$482,C$4,Results!$H$2:$H$482,"DNF")>0,"DNF","•"))) | D8: =IF(COUNTIFS(Results!$F$2:$F$482,$A8,Results!$A$2:$A$482,D$4)=0,"",IF(COUNTIFS(Results!$F$2:$F$482,$A8,Results!$A$2:$A$482,D$4,Results!$G$2:$G$482,">0")>0,_xlfn.MINIFS(Results!$G$2:$G$482,Results!$F$2:$F$482,$A8,Results!$A$2:$A$482,D$4,Results!$G$2:$G$482,">0"),IF(COUNTIFS(Results!$F$2:$F$482,$A8,Results!$A$2:$A$482,D$4,Results!$H$2:$H$482,"DNF")>0,"DNF","•"))) -> 9 | E8: =IF(COUNTIFS(Results!$F$2:$F$482,$A8,Results!$A$2:$A$482,E$4)=0,"",IF(COUNTIFS(Results!$F$2:$F$482,$A8,Results!$A$2:$A$482,E$4,Results!$G$2:$G$482,">0")>0,_xlfn.MINIFS(Results!$G$2:$G$482,Results!$F$2:$F$482,$A8,Results!$A$2:$A$482,E$4,Results!$G$2:$G$482,">0"),IF(COUNTIFS(Results!$F$2:$F$482,$A8,Results!$A$2:$A$482,E$4,Results!$H$2:$H$482,"DNF")>0,"DNF","•"))) | F8: =IF(COUNTIFS(Results!$F$2:$F$482,$A8,Results!$A$2:$A$482,F$4)=0,"",IF(COUNTIFS(Results!$F$2:$F$482,$A8,Results!$A$2:$A$482,F$4,Results!$G$2:$G$482,">0")>0,_xlfn.MINIFS(Results!$G$2:$G$482,Results!$F$2:$F$482,$A8,Results!$A$2:$A$482,F$4,Results!$G$2:$G$482,">0"),IF(COUNTIFS(Results!$F$2:$F$482,$A8,Results!$A$2:$A$482,F$4,Results!$H$2:$H$482,"DNF")>0,"DNF","•"))) -> 67 | G8: =IF(COUNTIFS(Results!$F$2:$F$482,$A8,Results!$A$2:$A$482,G$4)=0,"",IF(COUNTIFS(Results!$F$2:$F$482,$A8,Results!$A$2:$A$482,G$4,Results!$G$2:$G$482,">0")>0,_xlfn.MINIFS(Results!$G$2:$G$482,Results!$F$2:$F$482,$A8,Results!$A$2:$A$482,G$4,Results!$G$2:$G$482,">0"),IF(COUNTIFS(Results!$F$2:$F$482,$A8,Results!$A$2:$A$482,G$4,Results!$H$2:$H$482,"DNF")>0,"DNF","•"))) | H8: =IF(COUNTIFS(Results!$F$2:$F$482,$A8,Results!$A$2:$A$482,H$4)=0,"",IF(COUNTIFS(Results!$F$2:$F$482,$A8,Results!$A$2:$A$482,H$4,Results!$G$2:$G$482,">0")>0,_xlfn.MINIFS(Results!$G$2:$G$482,Results!$F$2:$F$482,$A8,Results!$A$2:$A$482,H$4,Results!$G$2:$G$482,">0"),IF(COUNTIFS(Results!$F$2:$F$482,$A8,Results!$A$2:$A$482,H$4,Results!$H$2:$H$482,"DNF")>0,"DNF","•"))) | I8: =IF(COUNTIFS(Results!$F$2:$F$482,$A8,Results!$A$2:$A$482,I$4)=0,"",IF(COUNTIFS(Results!$F$2:$F$482,$A8,Results!$A$2:$A$482,I$4,Results!$G$2:$G$482,">0")>0,_xlfn.MINIFS(Results!$G$2:$G$482,Results!$F$2:$F$482,$A8,Results!$A$2:$A$482,I$4,Results!$G$2:$G$482,">0"),IF(COUNTIFS(Results!$F$2:$F$482,$A8,Results!$A$2:$A$482,I$4,Results!$H$2:$H$482,"DNF")>0,"DNF","•"))) | ... BL8: =IF(COUNTIFS(Results!$F$2:$F$482,$A8,Results!$A$2:$A$482,BL$4)=0,"",IF(COUNTIFS(Results!$F$2:$F$482,$A8,Results!$A$2:$A$482,BL$4,Results!$G$2:$G$482,">0")>0,_xlfn.MINIFS(Results!$G$2:$G$482,Results!$F$2:$F$482,$A8,Results!$A$2:$A$482,BL$4,Results!$G$2:$G$482,">0"),IF(COUNTIFS(Results!$F$2:$F$482,$A8,Results!$A$2:$A$482,BL$4,Results!$H$2:$H$482,"DNF")>0,"DNF","•")))
A9: =Riders!A7 -> Maja Tracka | B9: =IF(COUNTIFS(Results!$F$2:$F$482,$A9,Results!$A$2:$A$482,B$4)=0,"",IF(COUNTIFS(Results!$F$2:$F$482,$A9,Results!$A$2:$A$482,B$4,Results!$G$2:$G$482,">0")>0,_xlfn.MINIFS(Results!$G$2:$G$482,Results!$F$2:$F$482,$A9,Results!$A$2:$A$482,B$4,Results!$G$2:$G$482,">0"),IF(COUNTIFS(Results!$F$2:$F$482,$A9,Results!$A$2:$A$482,B$4,Results!$H$2:$H$482,"DNF")>0,"DNF","•"))) | C9: =IF(COUNTIFS(Results!$F$2:$F$482,$A9,Results!$A$2:$A$482,C$4)=0,"",IF(COUNTIFS(Results!$F$2:$F$482,$A9,Results!$A$2:$A$482,C$4,Results!$G$2:$G$482,">0")>0,_xlfn.MINIFS(Results!$G$2:$G$482,Results!$F$2:$F$482,$A9,Results!$A$2:$A$482,C$4,Results!$G$2:$G$482,">0"),IF(COUNTIFS(Results!$F$2:$F$482,$A9,Results!$A$2:$A$482,C$4,Results!$H$2:$H$482,"DNF")>0,"DNF","•"))) | D9: =IF(COUNTIFS(Results!$F$2:$F$482,$A9,Results!$A$2:$A$482,D$4)=0,"",IF(COUNTIFS(Results!$F$2:$F$482,$A9,Results!$A$2:$A$482,D$4,Results!$G$2:$G$482,">0")>0,_xlfn.MINIFS(Results!$G$2:$G$482,Results!$F$2:$F$482,$A9,Results!$A$2:$A$482,D$4,Results!$G$2:$G$482,">0"),IF(COUNTIFS(Results!$F$2:$F$482,$A9,Results!$A$2:$A$482,D$4,Results!$H$2:$H$482,"DNF")>0,"DNF","•"))) -> 5 | E9: =IF(COUNTIFS(Results!$F$2:$F$482,$A9,Results!$A$2:$A$482,E$4)=0,"",IF(COUNTIFS(Results!$F$2:$F$482,$A9,Results!$A$2:$A$482,E$4,Results!$G$2:$G$482,">0")>0,_xlfn.MINIFS(Results!$G$2:$G$482,Results!$F$2:$F$482,$A9,Results!$A$2:$A$482,E$4,Results!$G$2:$G$482,">0"),IF(COUNTIFS(Results!$F$2:$F$482,$A9,Results!$A$2:$A$482,E$4,Results!$H$2:$H$482,"DNF")>0,"DNF","•"))) | F9: =IF(COUNTIFS(Results!$F$2:$F$482,$A9,Results!$A$2:$A$482,F$4)=0,"",IF(COUNTIFS(Results!$F$2:$F$482,$A9,Results!$A$2:$A$482,F$4,Results!$G$2:$G$482,">0")>0,_xlfn.MINIFS(Results!$G$2:$G$482,Results!$F$2:$F$482,$A9,Results!$A$2:$A$482,F$4,Results!$G$2:$G$482,">0"),IF(COUNTIFS(Results!$F$2:$F$482,$A9,Results!$A$2:$A$482,F$4,Results!$H$2:$H$482,"DNF")>0,"DNF","•"))) -> 4 | G9: =IF(COUNTIFS(Results!$F$2:$F$482,$A9,Results!$A$2:$A$482,G$4)=0,"",IF(COUNTIFS(Results!$F$2:$F$482,$A9,Results!$A$2:$A$482,G$4,Results!$G$2:$G$482,">0")>0,_xlfn.MINIFS(Results!$G$2:$G$482,Results!$F$2:$F$482,$A9,Results!$A$2:$A$482,G$4,Results!$G$2:$G$482,">0"),IF(COUNTIFS(Results!$F$2:$F$482,$A9,Results!$A$2:$A$482,G$4,Results!$H$2:$H$482,"DNF")>0,"DNF","•"))) -> DNF | H9: =IF(COUNTIFS(Results!$F$2:$F$482,$A9,Results!$A$2:$A$482,H$4)=0,"",IF(COUNTIFS(Results!$F$2:$F$482,$A9,Results!$A$2:$A$482,H$4,Results!$G$2:$G$482,">0")>0,_xlfn.MINIFS(Results!$G$2:$G$482,Results!$F$2:$F$482,$A9,Results!$A$2:$A$482,H$4,Results!$G$2:$G$482,">0"),IF(COUNTIFS(Results!$F$2:$F$482,$A9,Results!$A$2:$A$482,H$4,Results!$H$2:$H$482,"DNF")>0,"DNF","•"))) | I9: =IF(COUNTIFS(Results!$F$2:$F$482,$A9,Results!$A$2:$A$482,I$4)=0,"",IF(COUNTIFS(Results!$F$2:$F$482,$A9,Results!$A$2:$A$482,I$4,Results!$G$2:$G$482,">0")>0,_xlfn.MINIFS(Results!$G$2:$G$482,Results!$F$2:$F$482,$A9,Results!$A$2:$A$482,I$4,Results!$G$2:$G$482,">0"),IF(COUNTIFS(Results!$F$2:$F$482,$A9,Results!$A$2:$A$482,I$4,Results!$H$2:$H$482,"DNF")>0,"DNF","•"))) | ... BL9: =IF(COUNTIFS(Results!$F$2:$F$482,$A9,Results!$A$2:$A$482,BL$4)=0,"",IF(COUNTIFS(Results!$F$2:$F$482,$A9,Results!$A$2:$A$482,BL$4,Results!$G$2:$G$482,">0")>0,_xlfn.MINIFS(Results!$G$2:$G$482,Results!$F$2:$F$482,$A9,Results!$A$2:$A$482,BL$4,Results!$G$2:$G$482,">0"),IF(COUNTIFS(Results!$F$2:$F$482,$A9,Results!$A$2:$A$482,BL$4,Results!$H$2:$H$482,"DNF")>0,"DNF","•")))
A10: =Riders!A8 -> Martyna Szczęsna | B10: =IF(COUNTIFS(Results!$F$2:$F$482,$A10,Results!$A$2:$A$482,B$4)=0,"",IF(COUNTIFS(Results!$F$2:$F$482,$A10,Results!$A$2:$A$482,B$4,Results!$G$2:$G$482,">0")>0,_xlfn.MINIFS(Results!$G$2:$G$482,Results!$F$2:$F$482,$A10,Results!$A$2:$A$482,B$4,Results!$G$2:$G$482,">0"),IF(COUNTIFS(Results!$F$2:$F$482,$A10,Results!$A$2:$A$482,B$4,Results!$H$2:$H$482,"DNF")>0,"DNF","•"))) | C10: =IF(COUNTIFS(Results!$F$2:$F$482,$A10,Results!$A$2:$A$482,C$4)=0,"",IF(COUNTIFS(Results!$F$2:$F$482,$A10,Results!$A$2:$A$482,C$4,Results!$G$2:$G$482,">0")>0,_xlfn.MINIFS(Results!$G$2:$G$482,Results!$F$2:$F$482,$A10,Results!$A$2:$A$482,C$4,Results!$G$2:$G$482,">0"),IF(COUNTIFS(Results!$F$2:$F$482,$A10,Results!$A$2:$A$482,C$4,Results!$H$2:$H$482,"DNF")>0,"DNF","•"))) | D10: =IF(COUNTIFS(Results!$F$2:$F$482,$A10,Results!$A$2:$A$482,D$4)=0,"",IF(COUNTIFS(Results!$F$2:$F$482,$A10,Results!$A$2:$A$482,D$4,Results!$G$2:$G$482,">0")>0,_xlfn.MINIFS(Results!$G$2:$G$482,Results!$F$2:$F$482,$A10,Results!$A$2:$A$482,D$4,Results!$G$2:$G$482,">0"),IF(COUNTIFS(Results!$F$2:$F$482,$A10,Results!$A$2:$A$482,D$4,Results!$H$2:$H$482,"DNF")>0,"DNF","•"))) -> 9 | E10: =IF(COUNTIFS(Results!$F$2:$F$482,$A10,Results!$A$2:$A$482,E$4)=0,"",IF(COUNTIFS(Results!$F$2:$F$482,$A10,Results!$A$2:$A$482,E$4,Results!$G$2:$G$482,">0")>0,_xlfn.MINIFS(Results!$G$2:$G$482,Results!$F$2:$F$482,$A10,Results!$A$2:$A$482,E$4,Results!$G$2:$G$482,">0"),IF(COUNTIFS(Results!$F$2:$F$482,$A10,Results!$A$2:$A$482,E$4,Results!$H$2:$H$482,"DNF")>0,"DNF","•"))) | F10: =IF(COUNTIFS(Results!$F$2:$F$482,$A10,Results!$A$2:$A$482,F$4)=0,"",IF(COUNTIFS(Results!$F$2:$F$482,$A10,Results!$A$2:$A$482,F$4,Results!$G$2:$G$482,">0")>0,_xlfn.MINIFS(Results!$G$2:$G$482,Results!$F$2:$F$482,$A10,Results!$A$2:$A$482,F$4,Results!$G$2:$G$482,">0"),IF(COUNTIFS(Results!$F$2:$F$482,$A10,Results!$A$2:$A$482,F$4,Results!$H$2:$H$482,"DNF")>0,"DNF","•"))) -> 41 | G10: =IF(COUNTIFS(Results!$F$2:$F$482,$A10,Results!$A$2:$A$482,G$4)=0,"",IF(COUNTIFS(Results!$F$2:$F$482,$A10,Results!$A$2:$A$482,G$4,Results!$G$2:$G$482,">0")>0,_xlfn.MINIFS(Results!$G$2:$G$482,Results!$F$2:$F$482,$A10,Results!$A$2:$A$482,G$4,Results!$G$2:$G$482,">0"),IF(COUNTIFS(Results!$F$2:$F$482,$A10,Results!$A$2:$A$482,G$4,Results!$H$2:$H$482,"DNF")>0,"DNF","•"))) -> 33 | H10: =IF(COUNTIFS(Results!$F$2:$F$482,$A10,Results!$A$2:$A$482,H$4)=0,"",IF(COUNTIFS(Results!$F$2:$F$482,$A10,Results!$A$2:$A$482,H$4,Results!$G$2:$G$482,">0")>0,_xlfn.MINIFS(Results!$G$2:$G$482,Results!$F$2:$F$482,$A10,Results!$A$2:$A$482,H$4,Results!$G$2:$G$482,">0"),IF(COUNTIFS(Results!$F$2:$F$482,$A10,Results!$A$2:$A$482,H$4,Results!$H$2:$H$482,"DNF")>0,"DNF","•"))) | I10: =IF(COUNTIFS(Results!$F$2:$F$482,$A10,Results!$A$2:$A$482,I$4)=0,"",IF(COUNTIFS(Results!$F$2:$F$482,$A10,Results!$A$2:$A$482,I$4,Results!$G$2:$G$482,">0")>0,_xlfn.MINIFS(Results!$G$2:$G$482,Results!$F$2:$F$482,$A10,Results!$A$2:$A$482,I$4,Results!$G$2:$G$482,">0"),IF(COUNTIFS(Results!$F$2:$F$482,$A10,Results!$A$2:$A$482,I$4,Results!$H$2:$H$482,"DNF")>0,"DNF","•"))) | ... BL10: =IF(COUNTIFS(Results!$F$2:$F$482,$A10,Results!$A$2:$A$482,BL$4)=0,"",IF(COUNTIFS(Results!$F$2:$F$482,$A10,Results!$A$2:$A$482,BL$4,Results!$G$2:$G$482,">0")>0,_xlfn.MINIFS(Results!$G$2:$G$482,Results!$F$2:$F$482,$A10,Results!$A$2:$A$482,BL$4,Results!$G$2:$G$482,">0"),IF(COUNTIFS(Results!$F$2:$F$482,$A10,Results!$A$2:$A$482,BL$4,Results!$H$2:$H$482,"DNF")>0,"DNF","•")))
A11: =Riders!A9 -> Eliza Rabażyńska | B11: =IF(COUNTIFS(Results!$F$2:$F$482,$A11,Results!$A$2:$A$482,B$4)=0,"",IF(COUNTIFS(Results!$F$2:$F$482,$A11,Results!$A$2:$A$482,B$4,Results!$G$2:$G$482,">0")>0,_xlfn.MINIFS(Results!$G$2:$G$482,Results!$F$2:$F$482,$A11,Results!$A$2:$A$482,B$4,Results!$G$2:$G$482,">0"),IF(COUNTIFS(Results!$F$2:$F$482,$A11,Results!$A$2:$A$482,B$4,Results!$H$2:$H$482,"DNF")>0,"DNF","•"))) | C11: =IF(COUNTIFS(Results!$F$2:$F$482,$A11,Results!$A$2:$A$482,C$4)=0,"",IF(COUNTIFS(Results!$F$2:$F$482,$A11,Results!$A$2:$A$482,C$4,Results!$G$2:$G$482,">0")>0,_xlfn.MINIFS(Results!$G$2:$G$482,Results!$F$2:$F$482,$A11,Results!$A$2:$A$482,C$4,Results!$G$2:$G$482,">0"),IF(COUNTIFS(Results!$F$2:$F$482,$A11,Results!$A$2:$A$482,C$4,Results!$H$2:$H$482,"DNF")>0,"DNF","•"))) | D11: =IF(COUNTIFS(Results!$F$2:$F$482,$A11,Results!$A$2:$A$482,D$4)=0,"",IF(COUNTIFS(Results!$F$2:$F$482,$A11,Results!$A$2:$A$482,D$4,Results!$G$2:$G$482,">0")>0,_xlfn.MINIFS(Results!$G$2:$G$482,Results!$F$2:$F$482,$A11,Results!$A$2:$A$482,D$4,Results!$G$2:$G$482,">0"),IF(COUNTIFS(Results!$F$2:$F$482,$A11,Results!$A$2:$A$482,D$4,Results!$H$2:$H$482,"DNF")>0,"DNF","•"))) -> 9 | E11: =IF(COUNTIFS(Results!$F$2:$F$482,$A11,Results!$A$2:$A$482,E$4)=0,"",IF(COUNTIFS(Results!$F$2:$F$482,$A11,Results!$A$2:$A$482,E$4,Results!$G$2:$G$482,">0")>0,_xlfn.MINIFS(Results!$G$2:$G$482,Results!$F$2:$F$482,$A11,Results!$A$2:$A$482,E$4,Results!$G$2:$G$482,">0"),IF(COUNTIFS(Results!$F$2:$F$482,$A11,Results!$A$2:$A$482,E$4,Results!$H$2:$H$482,"DNF")>0,"DNF","•"))) | F11: =IF(COUNTIFS(Results!$F$2:$F$482,$A11,Results!$A$2:$A$482,F$4)=0,"",IF(COUNTIFS(Results!$F$2:$F$482,$A11,Results!$A$2:$A$482,F$4,Results!$G$2:$G$482,">0")>0,_xlfn.MINIFS(Results!$G$2:$G$482,Results!$F$2:$F$482,$A11,Results!$A$2:$A$482,F$4,Results!$G$2:$G$482,">0"),IF(COUNTIFS(Results!$F$2:$F$482,$A11,Results!$A$2:$A$482,F$4,Results!$H$2:$H$482,"DNF")>0,"DNF","•"))) | G11: =IF(COUNTIFS(Results!$F$2:$F$482,$A11,Results!$A$2:$A$482,G$4)=0,"",IF(COUNTIFS(Results!$F$2:$F$482,$A11,Results!$A$2:$A$482,G$4,Results!$G$2:$G$482,">0")>0,_xlfn.MINIFS(Results!$G$2:$G$482,Results!$F$2:$F$482,$A11,Results!$A$2:$A$482,G$4,Results!$G$2:$G$482,">0"),IF(COUNTIFS(Results!$F$2:$F$482,$A11,Results!$A$2:$A$482,G$4,Results!$H$2:$H$482,"DNF")>0,"DNF","•"))) | H11: =IF(COUNTIFS(Results!$F$2:$F$482,$A11,Results!$A$2:$A$482,H$4)=0,"",IF(COUNTIFS(Results!$F$2:$F$482,$A11,Results!$A$2:$A$482,H$4,Results!$G$2:$G$482,">0")>0,_xlfn.MINIFS(Results!$G$2:$G$482,Results!$F$2:$F$482,$A11,Results!$A$2:$A$482,H$4,Results!$G$2:$G$482,">0"),IF(COUNTIFS(Results!$F$2:$F$482,$A11,Results!$A$2:$A$482,H$4,Results!$H$2:$H$482,"DNF")>0,"DNF","•"))) | I11: =IF(COUNTIFS(Results!$F$2:$F$482,$A11,Results!$A$2:$A$482,I$4)=0,"",IF(COUNTIFS(Results!$F$2:$F$482,$A11,Results!$A$2:$A$482,I$4,Results!$G$2:$G$482,">0")>0,_xlfn.MINIFS(Results!$G$2:$G$482,Results!$F$2:$F$482,$A11,Results!$A$2:$A$482,I$4,Results!$G$2:$G$482,">0"),IF(COUNTIFS(Results!$F$2:$F$482,$A11,Results!$A$2:$A$482,I$4,Results!$H$2:$H$482,"DNF")>0,"DNF","•"))) -> 93 | ... BL11: =IF(COUNTIFS(Results!$F$2:$F$482,$A11,Results!$A$2:$A$482,BL$4)=0,"",IF(COUNTIFS(Results!$F$2:$F$482,$A11,Results!$A$2:$A$482,BL$4,Results!$G$2:$G$482,">0")>0,_xlfn.MINIFS(Results!$G$2:$G$482,Results!$F$2:$F$482,$A11,Results!$A$2:$A$482,BL$4,Results!$G$2:$G$482,">0"),IF(COUNTIFS(Results!$F$2:$F$482,$A11,Results!$A$2:$A$482,BL$4,Results!$H$2:$H$482,"DNF")>0,"DNF","•")))
A12: =Riders!A10 -> Alicja Matuła | B12: =IF(COUNTIFS(Results!$F$2:$F$482,$A12,Results!$A$2:$A$482,B$4)=0,"",IF(COUNTIFS(Results!$F$2:$F$482,$A12,Results!$A$2:$A$482,B$4,Results!$G$2:$G$482,">0")>0,_xlfn.MINIFS(Results!$G$2:$G$482,Results!$F$2:$F$482,$A12,Results!$A$2:$A$482,B$4,Results!$G$2:$G$482,">0"),IF(COUNTIFS(Results!$F$2:$F$482,$A12,Results!$A$2:$A$482,B$4,Results!$H$2:$H$482,"DNF")>0,"DNF","•"))) | C12: =IF(COUNTIFS(Results!$F$2:$F$482,$A12,Results!$A$2:$A$482,C$4)=0,"",IF(COUNTIFS(Results!$F$2:$F$482,$A12,Results!$A$2:$A$482,C$4,Results!$G$2:$G$482,">0")>0,_xlfn.MINIFS(Results!$G$2:$G$482,Results!$F$2:$F$482,$A12,Results!$A$2:$A$482,C$4,Results!$G$2:$G$482,">0"),IF(COUNTIFS(Results!$F$2:$F$482,$A12,Results!$A$2:$A$482,C$4,Results!$H$2:$H$482,"DNF")>0,"DNF","•"))) -> 1 | D12: =IF(COUNTIFS(Results!$F$2:$F$482,$A12,Results!$A$2:$A$482,D$4)=0,"",IF(COUNTIFS(Results!$F$2:$F$482,$A12,Results!$A$2:$A$482,D$4,Results!$G$2:$G$482,">0")>0,_xlfn.MINIFS(Results!$G$2:$G$482,Results!$F$2:$F$482,$A12,Results!$A$2:$A$482,D$4,Results!$G$2:$G$482,">0"),IF(COUNTIFS(Results!$F$2:$F$482,$A12,Results!$A$2:$A$482,D$4,Results!$H$2:$H$482,"DNF")>0,"DNF","•"))) | E12: =IF(COUNTIFS(Results!$F$2:$F$482,$A12,Results!$A$2:$A$482,E$4)=0,"",IF(COUNTIFS(Results!$F$2:$F$482,$A12,Results!$A$2:$A$482,E$4,Results!$G$2:$G$482,">0")>0,_xlfn.MINIFS(Results!$G$2:$G$482,Results!$F$2:$F$482,$A12,Results!$A$2:$A$482,E$4,Results!$G$2:$G$482,">0"),IF(COUNTIFS(Results!$F$2:$F$482,$A12,Results!$A$2:$A$482,E$4,Results!$H$2:$H$482,"DNF")>0,"DNF","•"))) | F12: =IF(COUNTIFS(Results!$F$2:$F$482,$A12,Results!$A$2:$A$482,F$4)=0,"",IF(COUNTIFS(Results!$F$2:$F$482,$A12,Results!$A$2:$A$482,F$4,Results!$G$2:$G$482,">0")>0,_xlfn.MINIFS(Results!$G$2:$G$482,Results!$F$2:$F$482,$A12,Results!$A$2:$A$482,F$4,Results!$G$2:$G$482,">0"),IF(COUNTIFS(Results!$F$2:$F$482,$A12,Results!$A$2:$A$482,F$4,Results!$H$2:$H$482,"DNF")>0,"DNF","•"))) -> 55 | G12: =IF(COUNTIFS(Results!$F$2:$F$482,$A12,Results!$A$2:$A$482,G$4)=0,"",IF(COUNTIFS(Results!$F$2:$F$482,$A12,Results!$A$2:$A$482,G$4,Results!$G$2:$G$482,">0")>0,_xlfn.MINIFS(Results!$G$2:$G$482,Results!$F$2:$F$482,$A12,Results!$A$2:$A$482,G$4,Results!$G$2:$G$482,">0"),IF(COUNTIFS(Results!$F$2:$F$482,$A12,Results!$A$2:$A$482,G$4,Results!$H$2:$H$482,"DNF")>0,"DNF","•"))) -> 68 | H12: =IF(COUNTIFS(Results!$F$2:$F$482,$A12,Results!$A$2:$A$482,H$4)=0,"",IF(COUNTIFS(Results!$F$2:$F$482,$A12,Results!$A$2:$A$482,H$4,Results!$G$2:$G$482,">0")>0,_xlfn.MINIFS(Results!$G$2:$G$482,Results!$F$2:$F$482,$A12,Results!$A$2:$A$482,H$4,Results!$G$2:$G$482,">0"),IF(COUNTIFS(Results!$F$2:$F$482,$A12,Results!$A$2:$A$482,H$4,Results!$H$2:$H$482,"DNF")>0,"DNF","•"))) | I12: =IF(COUNTIFS(Results!$F$2:$F$482,$A12,Results!$A$2:$A$482,I$4)=0,"",IF(COUNTIFS(Results!$F$2:$F$482,$A12,Results!$A$2:$A$482,I$4,Results!$G$2:$G$482,">0")>0,_xlfn.MINIFS(Results!$G$2:$G$482,Results!$F$2:$F$482,$A12,Results!$A$2:$A$482,I$4,Results!$G$2:$G$482,">0"),IF(COUNTIFS(Results!$F$2:$F$482,$A12,Results!$A$2:$A$482,I$4,Results!$H$2:$H$482,"DNF")>0,"DNF","•"))) -> 76 | ... BL12: =IF(COUNTIFS(Results!$F$2:$F$482,$A12,Results!$A$2:$A$482,BL$4)=0,"",IF(COUNTIFS(Results!$F$2:$F$482,$A12,Results!$A$2:$A$482,BL$4,Results!$G$2:$G$482,">0")>0,_xlfn.MINIFS(Results!$G$2:$G$482,Results!$F$2:$F$482,$A12,Results!$A$2:$A$482,BL$4,Results!$G$2:$G$482,">0"),IF(COUNTIFS(Results!$F$2:$F$482,$A12,Results!$A$2:$A$482,BL$4,Results!$H$2:$H$482,"DNF")>0,"DNF","•"))) -> 1
A13: =Riders!A11 -> Urszula Sipko | B13: =IF(COUNTIFS(Results!$F$2:$F$482,$A13,Results!$A$2:$A$482,B$4)=0,"",IF(COUNTIFS(Results!$F$2:$F$482,$A13,Results!$A$2:$A$482,B$4,Results!$G$2:$G$482,">0")>0,_xlfn.MINIFS(Results!$G$2:$G$482,Results!$F$2:$F$482,$A13,Results!$A$2:$A$482,B$4,Results!$G$2:$G$482,">0"),IF(COUNTIFS(Results!$F$2:$F$482,$A13,Results!$A$2:$A$482,B$4,Results!$H$2:$H$482,"DNF")>0,"DNF","•"))) | C13: =IF(COUNTIFS(Results!$F$2:$F$482,$A13,Results!$A$2:$A$482,C$4)=0,"",IF(COUNTIFS(Results!$F$2:$F$482,$A13,Results!$A$2:$A$482,C$4,Results!$G$2:$G$482,">0")>0,_xlfn.MINIFS(Results!$G$2:$G$482,Results!$F$2:$F$482,$A13,Results!$A$2:$A$482,C$4,Results!$G$2:$G$482,">0"),IF(COUNTIFS(Results!$F$2:$F$482,$A13,Results!$A$2:$A$482,C$4,Results!$H$2:$H$482,"DNF")>0,"DNF","•"))) | D13: =IF(COUNTIFS(Results!$F$2:$F$482,$A13,Results!$A$2:$A$482,D$4)=0,"",IF(COUNTIFS(Results!$F$2:$F$482,$A13,Results!$A$2:$A$482,D$4,Results!$G$2:$G$482,">0")>0,_xlfn.MINIFS(Results!$G$2:$G$482,Results!$F$2:$F$482,$A13,Results!$A$2:$A$482,D$4,Results!$G$2:$G$482,">0"),IF(COUNTIFS(Results!$F$2:$F$482,$A13,Results!$A$2:$A$482,D$4,Results!$H$2:$H$482,"DNF")>0,"DNF","•"))) | E13: =IF(COUNTIFS(Results!$F$2:$F$482,$A13,Results!$A$2:$A$482,E$4)=0,"",IF(COUNTIFS(Results!$F$2:$F$482,$A13,Results!$A$2:$A$482,E$4,Results!$G$2:$G$482,">0")>0,_xlfn.MINIFS(Results!$G$2:$G$482,Results!$F$2:$F$482,$A13,Results!$A$2:$A$482,E$4,Results!$G$2:$G$482,">0"),IF(COUNTIFS(Results!$F$2:$F$482,$A13,Results!$A$2:$A$482,E$4,Results!$H$2:$H$482,"DNF")>0,"DNF","•"))) | F13: =IF(COUNTIFS(Results!$F$2:$F$482,$A13,Results!$A$2:$A$482,F$4)=0,"",IF(COUNTIFS(Results!$F$2:$F$482,$A13,Results!$A$2:$A$482,F$4,Results!$G$2:$G$482,">0")>0,_xlfn.MINIFS(Results!$G$2:$G$482,Results!$F$2:$F$482,$A13,Results!$A$2:$A$482,F$4,Results!$G$2:$G$482,">0"),IF(COUNTIFS(Results!$F$2:$F$482,$A13,Results!$A$2:$A$482,F$4,Results!$H$2:$H$482,"DNF")>0,"DNF","•"))) | G13: =IF(COUNTIFS(Results!$F$2:$F$482,$A13,Results!$A$2:$A$482,G$4)=0,"",IF(COUNTIFS(Results!$F$2:$F$482,$A13,Results!$A$2:$A$482,G$4,Results!$G$2:$G$482,">0")>0,_xlfn.MINIFS(Results!$G$2:$G$482,Results!$F$2:$F$482,$A13,Results!$A$2:$A$482,G$4,Results!$G$2:$G$482,">0"),IF(COUNTIFS(Results!$F$2:$F$482,$A13,Results!$A$2:$A$482,G$4,Results!$H$2:$H$482,"DNF")>0,"DNF","•"))) | H13: =IF(COUNTIFS(Results!$F$2:$F$482,$A13,Results!$A$2:$A$482,H$4)=0,"",IF(COUNTIFS(Results!$F$2:$F$482,$A13,Results!$A$2:$A$482,H$4,Results!$G$2:$G$482,">0")>0,_xlfn.MINIFS(Results!$G$2:$G$482,Results!$F$2:$F$482,$A13,Results!$A$2:$A$482,H$4,Results!$G$2:$G$482,">0"),IF(COUNTIFS(Results!$F$2:$F$482,$A13,Results!$A$2:$A$482,H$4,Results!$H$2:$H$482,"DNF")>0,"DNF","•"))) | I13: =IF(COUNTIFS(Results!$F$2:$F$482,$A13,Results!$A$2:$A$482,I$4)=0,"",IF(COUNTIFS(Results!$F$2:$F$482,$A13,Results!$A$2:$A$482,I$4,Results!$G$2:$G$482,">0")>0,_xlfn.MINIFS(Results!$G$2:$G$482,Results!$F$2:$F$482,$A13,Results!$A$2:$A$482,I$4,Results!$G$2:$G$482,">0"),IF(COUNTIFS(Results!$F$2:$F$482,$A13,Results!$A$2:$A$482,I$4,Results!$H$2:$H$482,"DNF")>0,"DNF","•"))) -> 45 | ... BL13: =IF(COUNTIFS(Results!$F$2:$F$482,$A13,Results!$A$2:$A$482,BL$4)=0,"",IF(COUNTIFS(Results!$F$2:$F$482,$A13,Results!$A$2:$A$482,BL$4,Results!$G$2:$G$482,">0")>0,_xlfn.MINIFS(Results!$G$2:$G$482,Results!$F$2:$F$482,$A13,Results!$A$2:$A$482,BL$4,Results!$G$2:$G$482,">0"),IF(COUNTIFS(Results!$F$2:$F$482,$A13,Results!$A$2:$A$482,BL$4,Results!$H$2:$H$482,"DNF")>0,"DNF","•")))
A14: =Riders!A12 -> Sofia Ungerová | B14: =IF(COUNTIFS(Results!$F$2:$F$482,$A14,Results!$A$2:$A$482,B$4)=0,"",IF(COUNTIFS(Results!$F$2:$F$482,$A14,Results!$A$2:$A$482,B$4,Results!$G$2:$G$482,">0")>0,_xlfn.MINIFS(Results!$G$2:$G$482,Results!$F$2:$F$482,$A14,Results!$A$2:$A$482,B$4,Results!$G$2:$G$482,">0"),IF(COUNTIFS(Results!$F$2:$F$482,$A14,Results!$A$2:$A$482,B$4,Results!$H$2:$H$482,"DNF")>0,"DNF","•"))) | C14: =IF(COUNTIFS(Results!$F$2:$F$482,$A14,Results!$A$2:$A$482,C$4)=0,"",IF(COUNTIFS(Results!$F$2:$F$482,$A14,Results!$A$2:$A$482,C$4,Results!$G$2:$G$482,">0")>0,_xlfn.MINIFS(Results!$G$2:$G$482,Results!$F$2:$F$482,$A14,Results!$A$2:$A$482,C$4,Results!$G$2:$G$482,">0"),IF(COUNTIFS(Results!$F$2:$F$482,$A14,Results!$A$2:$A$482,C$4,Results!$H$2:$H$482,"DNF")>0,"DNF","•"))) | D14: =IF(COUNTIFS(Results!$F$2:$F$482,$A14,Results!$A$2:$A$482,D$4)=0,"",IF(COUNTIFS(Results!$F$2:$F$482,$A14,Results!$A$2:$A$482,D$4,Results!$G$2:$G$482,">0")>0,_xlfn.MINIFS(Results!$G$2:$G$482,Results!$F$2:$F$482,$A14,Results!$A$2:$A$482,D$4,Results!$G$2:$G$482,">0"),IF(COUNTIFS(Results!$F$2:$F$482,$A14,Results!$A$2:$A$482,D$4,Results!$H$2:$H$482,"DNF")>0,"DNF","•"))) | E14: =IF(COUNTIFS(Results!$F$2:$F$482,$A14,Results!$A$2:$A$482,E$4)=0,"",IF(COUNTIFS(Results!$F$2:$F$482,$A14,Results!$A$2:$A$482,E$4,Results!$G$2:$G$482,">0")>0,_xlfn.MINIFS(Results!$G$2:$G$482,Results!$F$2:$F$482,$A14,Results!$A$2:$A$482,E$4,Results!$G$2:$G$482,">0"),IF(COUNTIFS(Results!$F$2:$F$482,$A14,Results!$A$2:$A$482,E$4,Results!$H$2:$H$482,"DNF")>0,"DNF","•"))) | F14: =IF(COUNTIFS(Results!$F$2:$F$482,$A14,Results!$A$2:$A$482,F$4)=0,"",IF(COUNTIFS(Results!$F$2:$F$482,$A14,Results!$A$2:$A$482,F$4,Results!$G$2:$G$482,">0")>0,_xlfn.MINIFS(Results!$G$2:$G$482,Results!$F$2:$F$482,$A14,Results!$A$2:$A$482,F$4,Results!$G$2:$G$482,">0"),IF(COUNTIFS(Results!$F$2:$F$482,$A14,Results!$A$2:$A$482,F$4,Results!$H$2:$H$482,"DNF")>0,"DNF","•"))) -> 48 | G14: =IF(COUNTIFS(Results!$F$2:$F$482,$A14,Results!$A$2:$A$482,G$4)=0,"",IF(COUNTIFS(Results!$F$2:$F$482,$A14,Results!$A$2:$A$482,G$4,Results!$G$2:$G$482,">0")>0,_xlfn.MINIFS(Results!$G$2:$G$482,Results!$F$2:$F$482,$A14,Results!$A$2:$A$482,G$4,Results!$G$2:$G$482,">0"),IF(COUNTIFS(Results!$F$2:$F$482,$A14,Results!$A$2:$A$482,G$4,Results!$H$2:$H$482,"DNF")>0,"DNF","•"))) -> 10 | H14: =IF(COUNTIFS(Results!$F$2:$F$482,$A14,Results!$A$2:$A$482,H$4)=0,"",IF(COUNTIFS(Results!$F$2:$F$482,$A14,Results!$A$2:$A$482,H$4,Results!$G$2:$G$482,">0")>0,_xlfn.MINIFS(Results!$G$2:$G$482,Results!$F$2:$F$482,$A14,Results!$A$2:$A$482,H$4,Results!$G$2:$G$482,">0"),IF(COUNTIFS(Results!$F$2:$F$482,$A14,Results!$A$2:$A$482,H$4,Results!$H$2:$H$482,"DNF")>0,"DNF","•"))) | I14: =IF(COUNTIFS(Results!$F$2:$F$482,$A14,Results!$A$2:$A$482,I$4)=0,"",IF(COUNTIFS(Results!$F$2:$F$482,$A14,Results!$A$2:$A$482,I$4,Results!$G$2:$G$482,">0")>0,_xlfn.MINIFS(Results!$G$2:$G$482,Results!$F$2:$F$482,$A14,Results!$A$2:$A$482,I$4,Results!$G$2:$G$482,">0"),IF(COUNTIFS(Results!$F$2:$F$482,$A14,Results!$A$2:$A$482,I$4,Results!$H$2:$H$482,"DNF")>0,"DNF","•"))) | ... BL14: =IF(COUNTIFS(Results!$F$2:$F$482,$A14,Results!$A$2:$A$482,BL$4)=0,"",IF(COUNTIFS(Results!$F$2:$F$482,$A14,Results!$A$2:$A$482,BL$4,Results!$G$2:$G$482,">0")>0,_xlfn.MINIFS(Results!$G$2:$G$482,Results!$F$2:$F$482,$A14,Results!$A$2:$A$482,BL$4,Results!$G$2:$G$482,">0"),IF(COUNTIFS(Results!$F$2:$F$482,$A14,Results!$A$2:$A$482,BL$4,Results!$H$2:$H$482,"DNF")>0,"DNF","•")))
A15: =Riders!A13 -> Nadia Hartman | B15: =IF(COUNTIFS(Results!$F$2:$F$482,$A15,Results!$A$2:$A$482,B$4)=0,"",IF(COUNTIFS(Results!$F$2:$F$482,$A15,Results!$A$2:$A$482,B$4,Results!$G$2:$G$482,">0")>0,_xlfn.MINIFS(Results!$G$2:$G$482,Results!$F$2:$F$482,$A15,Results!$A$2:$A$482,B$4,Results!$G$2:$G$482,">0"),IF(COUNTIFS(Results!$F$2:$F$482,$A15,Results!$A$2:$A$482,B$4,Results!$H$2:$H$482,"DNF")>0,"DNF","•"))) | C15: =IF(COUNTIFS(Results!$F$2:$F$482,$A15,Results!$A$2:$A$482,C$4)=0,"",IF(COUNTIFS(Results!$F$2:$F$482,$A15,Results!$A$2:$A$482,C$4,Results!$G$2:$G$482,">0")>0,_xlfn.MINIFS(Results!$G$2:$G$482,Results!$F$2:$F$482,$A15,Results!$A$2:$A$482,C$4,Results!$G$2:$G$482,">0"),IF(COUNTIFS(Results!$F$2:$F$482,$A15,Results!$A$2:$A$482,C$4,Results!$H$2:$H$482,"DNF")>0,"DNF","•"))) | D15: =IF(COUNTIFS(Results!$F$2:$F$482,$A15,Results!$A$2:$A$482,D$4)=0,"",IF(COUNTIFS(Results!$F$2:$F$482,$A15,Results!$A$2:$A$482,D$4,Results!$G$2:$G$482,">0")>0,_xlfn.MINIFS(Results!$G$2:$G$482,Results!$F$2:$F$482,$A15,Results!$A$2:$A$482,D$4,Results!$G$2:$G$482,">0"),IF(COUNTIFS(Results!$F$2:$F$482,$A15,Results!$A$2:$A$482,D$4,Results!$H$2:$H$482,"DNF")>0,"DNF","•"))) | E15: =IF(COUNTIFS(Results!$F$2:$F$482,$A15,Results!$A$2:$A$482,E$4)=0,"",IF(COUNTIFS(Results!$F$2:$F$482,$A15,Results!$A$2:$A$482,E$4,Results!$G$2:$G$482,">0")>0,_xlfn.MINIFS(Results!$G$2:$G$482,Results!$F$2:$F$482,$A15,Results!$A$2:$A$482,E$4,Results!$G$2:$G$482,">0"),IF(COUNTIFS(Results!$F$2:$F$482,$A15,Results!$A$2:$A$482,E$4,Results!$H$2:$H$482,"DNF")>0,"DNF","•"))) | F15: =IF(COUNTIFS(Results!$F$2:$F$482,$A15,Results!$A$2:$A$482,F$4)=0,"",IF(COUNTIFS(Results!$F$2:$F$482,$A15,Results!$A$2:$A$482,F$4,Results!$G$2:$G$482,">0")>0,_xlfn.MINIFS(Results!$G$2:$G$482,Results!$F$2:$F$482,$A15,Results!$A$2:$A$482,F$4,Results!$G$2:$G$482,">0"),IF(COUNTIFS(Results!$F$2:$F$482,$A15,Results!$A$2:$A$482,F$4,Results!$H$2:$H$482,"DNF")>0,"DNF","•"))) | G15: =IF(COUNTIFS(Results!$F$2:$F$482,$A15,Results!$A$2:$A$482,G$4)=0,"",IF(COUNTIFS(Results!$F$2:$F$482,$A15,Results!$A$2:$A$482,G$4,Results!$G$2:$G$482,">0")>0,_xlfn.MINIFS(Results!$G$2:$G$482,Results!$F$2:$F$482,$A15,Results!$A$2:$A$482,G$4,Results!$G$2:$G$482,">0"),IF(COUNTIFS(Results!$F$2:$F$482,$A15,Results!$A$2:$A$482,G$4,Results!$H$2:$H$482,"DNF")>0,"DNF","•"))) -> 56 | H15: =IF(COUNTIFS(Results!$F$2:$F$482,$A15,Results!$A$2:$A$482,H$4)=0,"",IF(COUNTIFS(Results!$F$2:$F$482,$A15,Results!$A$2:$A$482,H$4,Results!$G$2:$G$482,">0")>0,_xlfn.MINIFS(Results!$G$2:$G$482,Results!$F$2:$F$482,$A15,Results!$A$2:$A$482,H$4,Results!$G$2:$G$482,">0"),IF(COUNTIFS(Results!$F$2:$F$482,$A15,Results!$A$2:$A$482,H$4,Results!$H$2:$H$482,"DNF")>0,"DNF","•"))) | I15: =IF(COUNTIFS(Results!$F$2:$F$482,$A15,Results!$A$2:$A$482,I$4)=0,"",IF(COUNTIFS(Results!$F$2:$F$482,$A15,Results!$A$2:$A$482,I$4,Results!$G$2:$G$482,">0")>0,_xlfn.MINIFS(Results!$G$2:$G$482,Results!$F$2:$F$482,$A15,Results!$A$2:$A$482,I$4,Results!$G$2:$G$482,">0"),IF(COUNTIFS(Results!$F$2:$F$482,$A15,Results!$A$2:$A$482,I$4,Results!$H$2:$H$482,"DNF")>0,"DNF","•"))) | ... BL15: =IF(COUNTIFS(Results!$F$2:$F$482,$A15,Results!$A$2:$A$482,BL$4)=0,"",IF(COUNTIFS(Results!$F$2:$F$482,$A15,Results!$A$2:$A$482,BL$4,Results!$G$2:$G$482,">0")>0,_xlfn.MINIFS(Results!$G$2:$G$482,Results!$F$2:$F$482,$A15,Results!$A$2:$A$482,BL$4,Results!$G$2:$G$482,">0"),IF(COUNTIFS(Results!$F$2:$F$482,$A15,Results!$A$2:$A$482,BL$4,Results!$H$2:$H$482,"DNF")>0,"DNF","•")))
A16: =Riders!A14 -> Anna Gaborska | B16: =IF(COUNTIFS(Results!$F$2:$F$482,$A16,Results!$A$2:$A$482,B$4)=0,"",IF(COUNTIFS(Results!$F$2:$F$482,$A16,Results!$A$2:$A$482,B$4,Results!$G$2:$G$482,">0")>0,_xlfn.MINIFS(Results!$G$2:$G$482,Results!$F$2:$F$482,$A16,Results!$A$2:$A$482,B$4,Results!$G$2:$G$482,">0"),IF(COUNTIFS(Results!$F$2:$F$482,$A16,Results!$A$2:$A$482,B$4,Results!$H$2:$H$482,"DNF")>0,"DNF","•"))) | C16: =IF(COUNTIFS(Results!$F$2:$F$482,$A16,Results!$A$2:$A$482,C$4)=0,"",IF(COUNTIFS(Results!$F$2:$F$482,$A16,Results!$A$2:$A$482,C$4,Results!$G$2:$G$482,">0")>0,_xlfn.MINIFS(Results!$G$2:$G$482,Results!$F$2:$F$482,$A16,Results!$A$2:$A$482,C$4,Results!$G$2:$G$482,">0"),IF(COUNTIFS(Results!$F$2:$F$482,$A16,Results!$A$2:$A$482,C$4,Results!$H$2:$H$482,"DNF")>0,"DNF","•"))) | D16: =IF(COUNTIFS(Results!$F$2:$F$482,$A16,Results!$A$2:$A$482,D$4)=0,"",IF(COUNTIFS(Results!$F$2:$F$482,$A16,Results!$A$2:$A$482,D$4,Results!$G$2:$G$482,">0")>0,_xlfn.MINIFS(Results!$G$2:$G$482,Results!$F$2:$F$482,$A16,Results!$A$2:$A$482,D$4,Results!$G$2:$G$482,">0"),IF(COUNTIFS(Results!$F$2:$F$482,$A16,Results!$A$2:$A$482,D$4,Results!$H$2:$H$482,"DNF")>0,"DNF","•"))) | E16: =IF(COUNTIFS(Results!$F$2:$F$482,$A16,Results!$A$2:$A$482,E$4)=0,"",IF(COUNTIFS(Results!$F$2:$F$482,$A16,Results!$A$2:$A$482,E$4,Results!$G$2:$G$482,">0")>0,_xlfn.MINIFS(Results!$G$2:$G$482,Results!$F$2:$F$482,$A16,Results!$A$2:$A$482,E$4,Results!$G$2:$G$482,">0"),IF(COUNTIFS(Results!$F$2:$F$482,$A16,Results!$A$2:$A$482,E$4,Results!$H$2:$H$482,"DNF")>0,"DNF","•"))) | F16: =IF(COUNTIFS(Results!$F$2:$F$482,$A16,Results!$A$2:$A$482,F$4)=0,"",IF(COUNTIFS(Results!$F$2:$F$482,$A16,Results!$A$2:$A$482,F$4,Results!$G$2:$G$482,">0")>0,_xlfn.MINIFS(Results!$G$2:$G$482,Results!$F$2:$F$482,$A16,Results!$A$2:$A$482,F$4,Results!$G$2:$G$482,">0"),IF(COUNTIFS(Results!$F$2:$F$482,$A16,Results!$A$2:$A$482,F$4,Results!$H$2:$H$482,"DNF")>0,"DNF","•"))) | G16: =IF(COUNTIFS(Results!$F$2:$F$482,$A16,Results!$A$2:$A$482,G$4)=0,"",IF(COUNTIFS(Results!$F$2:$F$482,$A16,Results!$A$2:$A$482,G$4,Results!$G$2:$G$482,">0")>0,_xlfn.MINIFS(Results!$G$2:$G$482,Results!$F$2:$F$482,$A16,Results!$A$2:$A$482,G$4,Results!$G$2:$G$482,">0"),IF(COUNTIFS(Results!$F$2:$F$482,$A16,Results!$A$2:$A$482,G$4,Results!$H$2:$H$482,"DNF")>0,"DNF","•"))) | H16: =IF(COUNTIFS(Results!$F$2:$F$482,$A16,Results!$A$2:$A$482,H$4)=0,"",IF(COUNTIFS(Results!$F$2:$F$482,$A16,Results!$A$2:$A$482,H$4,Results!$G$2:$G$482,">0")>0,_xlfn.MINIFS(Results!$G$2:$G$482,Results!$F$2:$F$482,$A16,Results!$A$2:$A$482,H$4,Results!$G$2:$G$482,">0"),IF(COUNTIFS(Results!$F$2:$F$482,$A16,Results!$A$2:$A$482,H$4,Results!$H$2:$H$482,"DNF")>0,"DNF","•"))) | I16: =IF(COUNTIFS(Results!$F$2:$F$482,$A16,Results!$A$2:$A$482,I$4)=0,"",IF(COUNTIFS(Results!$F$2:$F$482,$A16,Results!$A$2:$A$482,I$4,Results!$G$2:$G$482,">0")>0,_xlfn.MINIFS(Results!$G$2:$G$482,Results!$F$2:$F$482,$A16,Results!$A$2:$A$482,I$4,Results!$G$2:$G$482,">0"),IF(COUNTIFS(Results!$F$2:$F$482,$A16,Results!$A$2:$A$482,I$4,Results!$H$2:$H$482,"DNF")>0,"DNF","•"))) -> 44 | ... BL16: =IF(COUNTIFS(Results!$F$2:$F$482,$A16,Results!$A$2:$A$482,BL$4)=0,"",IF(COUNTIFS(Results!$F$2:$F$482,$A16,Results!$A$2:$A$482,BL$4,Results!$G$2:$G$482,">0")>0,_xlfn.MINIFS(Results!$G$2:$G$482,Results!$F$2:$F$482,$A16,Results!$A$2:$A$482,BL$4,Results!$G$2:$G$482,">0"),IF(COUNTIFS(Results!$F$2:$F$482,$A16,Results!$A$2:$A$482,BL$4,Results!$H$2:$H$482,"DNF")>0,"DNF","•")))
A17: =Riders!A15 -> Gabriela Kaczmarczyk | B17: =IF(COUNTIFS(Results!$F$2:$F$482,$A17,Results!$A$2:$A$482,B$4)=0,"",IF(COUNTIFS(Results!$F$2:$F$482,$A17,Results!$A$2:$A$482,B$4,Results!$G$2:$G$482,">0")>0,_xlfn.MINIFS(Results!$G$2:$G$482,Results!$F$2:$F$482,$A17,Results!$A$2:$A$482,B$4,Results!$G$2:$G$482,">0"),IF(COUNTIFS(Results!$F$2:$F$482,$A17,Results!$A$2:$A$482,B$4,Results!$H$2:$H$482,"DNF")>0,"DNF","•"))) | C17: =IF(COUNTIFS(Results!$F$2:$F$482,$A17,Results!$A$2:$A$482,C$4)=0,"",IF(COUNTIFS(Results!$F$2:$F$482,$A17,Results!$A$2:$A$482,C$4,Results!$G$2:$G$482,">0")>0,_xlfn.MINIFS(Results!$G$2:$G$482,Results!$F$2:$F$482,$A17,Results!$A$2:$A$482,C$4,Results!$G$2:$G$482,">0"),IF(COUNTIFS(Results!$F$2:$F$482,$A17,Results!$A$2:$A$482,C$4,Results!$H$2:$H$482,"DNF")>0,"DNF","•"))) -> 7 | D17: =IF(COUNTIFS(Results!$F$2:$F$482,$A17,Results!$A$2:$A$482,D$4)=0,"",IF(COUNTIFS(Results!$F$2:$F$482,$A17,Results!$A$2:$A$482,D$4,Results!$G$2:$G$482,">0")>0,_xlfn.MINIFS(Results!$G$2:$G$482,Results!$F$2:$F$482,$A17,Results!$A$2:$A$482,D$4,Results!$G$2:$G$482,">0"),IF(COUNTIFS(Results!$F$2:$F$482,$A17,Results!$A$2:$A$482,D$4,Results!$H$2:$H$482,"DNF")>0,"DNF","•"))) | E17: =IF(COUNTIFS(Results!$F$2:$F$482,$A17,Results!$A$2:$A$482,E$4)=0,"",IF(COUNTIFS(Results!$F$2:$F$482,$A17,Results!$A$2:$A$482,E$4,Results!$G$2:$G$482,">0")>0,_xlfn.MINIFS(Results!$G$2:$G$482,Results!$F$2:$F$482,$A17,Results!$A$2:$A$482,E$4,Results!$G$2:$G$482,">0"),IF(COUNTIFS(Results!$F$2:$F$482,$A17,Results!$A$2:$A$482,E$4,Results!$H$2:$H$482,"DNF")>0,"DNF","•"))) -> 1 | F17: =IF(COUNTIFS(Results!$F$2:$F$482,$A17,Results!$A$2:$A$482,F$4)=0,"",IF(COUNTIFS(Results!$F$2:$F$482,$A17,Results!$A$2:$A$482,F$4,Results!$G$2:$G$482,">0")>0,_xlfn.MINIFS(Results!$G$2:$G$482,Results!$F$2:$F$482,$A17,Results!$A$2:$A$482,F$4,Results!$G$2:$G$482,">0"),IF(COUNTIFS(Results!$F$2:$F$482,$A17,Results!$A$2:$A$482,F$4,Results!$H$2:$H$482,"DNF")>0,"DNF","•"))) | G17: =IF(COUNTIFS(Results!$F$2:$F$482,$A17,Results!$A$2:$A$482,G$4)=0,"",IF(COUNTIFS(Results!$F$2:$F$482,$A17,Results!$A$2:$A$482,G$4,Results!$G$2:$G$482,">0")>0,_xlfn.MINIFS(Results!$G$2:$G$482,Results!$F$2:$F$482,$A17,Results!$A$2:$A$482,G$4,Results!$G$2:$G$482,">0"),IF(COUNTIFS(Results!$F$2:$F$482,$A17,Results!$A$2:$A$482,G$4,Results!$H$2:$H$482,"DNF")>0,"DNF","•"))) | H17: =IF(COUNTIFS(Results!$F$2:$F$482,$A17,Results!$A$2:$A$482,H$4)=0,"",IF(COUNTIFS(Results!$F$2:$F$482,$A17,Results!$A$2:$A$482,H$4,Results!$G$2:$G$482,">0")>0,_xlfn.MINIFS(Results!$G$2:$G$482,Results!$F$2:$F$482,$A17,Results!$A$2:$A$482,H$4,Results!$G$2:$G$482,">0"),IF(COUNTIFS(Results!$F$2:$F$482,$A17,Results!$A$2:$A$482,H$4,Results!$H$2:$H$482,"DNF")>0,"DNF","•"))) | I17: =IF(COUNTIFS(Results!$F$2:$F$482,$A17,Results!$A$2:$A$482,I$4)=0,"",IF(COUNTIFS(Results!$F$2:$F$482,$A17,Results!$A$2:$A$482,I$4,Results!$G$2:$G$482,">0")>0,_xlfn.MINIFS(Results!$G$2:$G$482,Results!$F$2:$F$482,$A17,Results!$A$2:$A$482,I$4,Results!$G$2:$G$482,">0"),IF(COUNTIFS(Results!$F$2:$F$482,$A17,Results!$A$2:$A$482,I$4,Results!$H$2:$H$482,"DNF")>0,"DNF","•"))) -> DNF | ... BL17: =IF(COUNTIFS(Results!$F$2:$F$482,$A17,Results!$A$2:$A$482,BL$4)=0,"",IF(COUNTIFS(Results!$F$2:$F$482,$A17,Results!$A$2:$A$482,BL$4,Results!$G$2:$G$482,">0")>0,_xlfn.MINIFS(Results!$G$2:$G$482,Results!$F$2:$F$482,$A17,Results!$A$2:$A$482,BL$4,Results!$G$2:$G$482,">0"),IF(COUNTIFS(Results!$F$2:$F$482,$A17,Results!$A$2:$A$482,BL$4,Results!$H$2:$H$482,"DNF")>0,"DNF","•")))
A18: =Riders!A16 -> Daria Dębicka | B18: =IF(COUNTIFS(Results!$F$2:$F$482,$A18,Results!$A$2:$A$482,B$4)=0,"",IF(COUNTIFS(Results!$F$2:$F$482,$A18,Results!$A$2:$A$482,B$4,Results!$G$2:$G$482,">0")>0,_xlfn.MINIFS(Results!$G$2:$G$482,Results!$F$2:$F$482,$A18,Results!$A$2:$A$482,B$4,Results!$G$2:$G$482,">0"),IF(COUNTIFS(Results!$F$2:$F$482,$A18,Results!$A$2:$A$482,B$4,Results!$H$2:$H$482,"DNF")>0,"DNF","•"))) | C18: =IF(COUNTIFS(Results!$F$2:$F$482,$A18,Results!$A$2:$A$482,C$4)=0,"",IF(COUNTIFS(Results!$F$2:$F$482,$A18,Results!$A$2:$A$482,C$4,Results!$G$2:$G$482,">0")>0,_xlfn.MINIFS(Results!$G$2:$G$482,Results!$F$2:$F$482,$A18,Results!$A$2:$A$482,C$4,Results!$G$2:$G$482,">0"),IF(COUNTIFS(Results!$F$2:$F$482,$A18,Results!$A$2:$A$482,C$4,Results!$H$2:$H$482,"DNF")>0,"DNF","•"))) | D18: =IF(COUNTIFS(Results!$F$2:$F$482,$A18,Results!$A$2:$A$482,D$4)=0,"",IF(COUNTIFS(Results!$F$2:$F$482,$A18,Results!$A$2:$A$482,D$4,Results!$G$2:$G$482,">0")>0,_xlfn.MINIFS(Results!$G$2:$G$482,Results!$F$2:$F$482,$A18,Results!$A$2:$A$482,D$4,Results!$G$2:$G$482,">0"),IF(COUNTIFS(Results!$F$2:$F$482,$A18,Results!$A$2:$A$482,D$4,Results!$H$2:$H$482,"DNF")>0,"DNF","•"))) | E18: =IF(COUNTIFS(Results!$F$2:$F$482,$A18,Results!$A$2:$A$482,E$4)=0,"",IF(COUNTIFS(Results!$F$2:$F$482,$A18,Results!$A$2:$A$482,E$4,Results!$G$2:$G$482,">0")>0,_xlfn.MINIFS(Results!$G$2:$G$482,Results!$F$2:$F$482,$A18,Results!$A$2:$A$482,E$4,Results!$G$2:$G$482,">0"),IF(COUNTIFS(Results!$F$2:$F$482,$A18,Results!$A$2:$A$482,E$4,Results!$H$2:$H$482,"DNF")>0,"DNF","•"))) -> 1 | F18: =IF(COUNTIFS(Results!$F$2:$F$482,$A18,Results!$A$2:$A$482,F$4)=0,"",IF(COUNTIFS(Results!$F$2:$F$482,$A18,Results!$A$2:$A$482,F$4,Results!$G$2:$G$482,">0")>0,_xlfn.MINIFS(Results!$G$2:$G$482,Results!$F$2:$F$482,$A18,Results!$A$2:$A$482,F$4,Results!$G$2:$G$482,">0"),IF(COUNTIFS(Results!$F$2:$F$482,$A18,Results!$A$2:$A$482,F$4,Results!$H$2:$H$482,"DNF")>0,"DNF","•"))) | G18: =IF(COUNTIFS(Results!$F$2:$F$482,$A18,Results!$A$2:$A$482,G$4)=0,"",IF(COUNTIFS(Results!$F$2:$F$482,$A18,Results!$A$2:$A$482,G$4,Results!$G$2:$G$482,">0")>0,_xlfn.MINIFS(Results!$G$2:$G$482,Results!$F$2:$F$482,$A18,Results!$A$2:$A$482,G$4,Results!$G$2:$G$482,">0"),IF(COUNTIFS(Results!$F$2:$F$482,$A18,Results!$A$2:$A$482,G$4,Results!$H$2:$H$482,"DNF")>0,"DNF","•"))) | H18: =IF(COUNTIFS(Results!$F$2:$F$482,$A18,Results!$A$2:$A$482,H$4)=0,"",IF(COUNTIFS(Results!$F$2:$F$482,$A18,Results!$A$2:$A$482,H$4,Results!$G$2:$G$482,">0")>0,_xlfn.MINIFS(Results!$G$2:$G$482,Results!$F$2:$F$482,$A18,Results!$A$2:$A$482,H$4,Results!$G$2:$G$482,">0"),IF(COUNTIFS(Results!$F$2:$F$482,$A18,Results!$A$2:$A$482,H$4,Results!$H$2:$H$482,"DNF")>0,"DNF","•"))) | I18: =IF(COUNTIFS(Results!$F$2:$F$482,$A18,Results!$A$2:$A$482,I$4)=0,"",IF(COUNTIFS(Results!$F$2:$F$482,$A18,Results!$A$2:$A$482,I$4,Results!$G$2:$G$482,">0")>0,_xlfn.MINIFS(Results!$G$2:$G$482,Results!$F$2:$F$482,$A18,Results!$A$2:$A$482,I$4,Results!$G$2:$G$482,">0"),IF(COUNTIFS(Results!$F$2:$F$482,$A18,Results!$A$2:$A$482,I$4,Results!$H$2:$H$482,"DNF")>0,"DNF","•"))) -> 120 | ... BL18: =IF(COUNTIFS(Results!$F$2:$F$482,$A18,Results!$A$2:$A$482,BL$4)=0,"",IF(COUNTIFS(Results!$F$2:$F$482,$A18,Results!$A$2:$A$482,BL$4,Results!$G$2:$G$482,">0")>0,_xlfn.MINIFS(Results!$G$2:$G$482,Results!$F$2:$F$482,$A18,Results!$A$2:$A$482,BL$4,Results!$G$2:$G$482,">0"),IF(COUNTIFS(Results!$F$2:$F$482,$A18,Results!$A$2:$A$482,BL$4,Results!$H$2:$H$482,"DNF")>0,"DNF","•")))
... A26: =Riders!A24 -> Natalia Gacek | B26: =IF(COUNTIFS(Results!$F$2:$F$482,$A26,Results!$A$2:$A$482,B$4)=0,"",IF(COUNTIFS(Results!$F$2:$F$482,$A26,Results!$A$2:$A$482,B$4,Results!$G$2:$G$482,">0")>0,_xlfn.MINIFS(Results!$G$2:$G$482,Results!$F$2:$F$482,$A26,Results!$A$2:$A$482,B$4,Results!$G$2:$G$482,">0"),IF(COUNTIFS(Results!$F$2:$F$482,$A26,Results!$A$2:$A$482,B$4,Results!$H$2:$H$482,"DNF")>0,"DNF","•"))) | C26: =IF(COUNTIFS(Results!$F$2:$F$482,$A26,Results!$A$2:$A$482,C$4)=0,"",IF(COUNTIFS(Results!$F$2:$F$482,$A26,Results!$A$2:$A$482,C$4,Results!$G$2:$G$482,">0")>0,_xlfn.MINIFS(Results!$G$2:$G$482,Results!$F$2:$F$482,$A26,Results!$A$2:$A$482,C$4,Results!$G$2:$G$482,">0"),IF(COUNTIFS(Results!$F$2:$F$482,$A26,Results!$A$2:$A$482,C$4,Results!$H$2:$H$482,"DNF")>0,"DNF","•"))) | D26: =IF(COUNTIFS(Results!$F$2:$F$482,$A26,Results!$A$2:$A$482,D$4)=0,"",IF(COUNTIFS(Results!$F$2:$F$482,$A26,Results!$A$2:$A$482,D$4,Results!$G$2:$G$482,">0")>0,_xlfn.MINIFS(Results!$G$2:$G$482,Results!$F$2:$F$482,$A26,Results!$A$2:$A$482,D$4,Results!$G$2:$G$482,">0"),IF(COUNTIFS(Results!$F$2:$F$482,$A26,Results!$A$2:$A$482,D$4,Results!$H$2:$H$482,"DNF")>0,"DNF","•"))) | E26: =IF(COUNTIFS(Results!$F$2:$F$482,$A26,Results!$A$2:$A$482,E$4)=0,"",IF(COUNTIFS(Results!$F$2:$F$482,$A26,Results!$A$2:$A$482,E$4,Results!$G$2:$G$482,">0")>0,_xlfn.MINIFS(Results!$G$2:$G$482,Results!$F$2:$F$482,$A26,Results!$A$2:$A$482,E$4,Results!$G$2:$G$482,">0"),IF(COUNTIFS(Results!$F$2:$F$482,$A26,Results!$A$2:$A$482,E$4,Results!$H$2:$H$482,"DNF")>0,"DNF","•"))) | F26: =IF(COUNTIFS(Results!$F$2:$F$482,$A26,Results!$A$2:$A$482,F$4)=0,"",IF(COUNTIFS(Results!$F$2:$F$482,$A26,Results!$A$2:$A$482,F$4,Results!$G$2:$G$482,">0")>0,_xlfn.MINIFS(Results!$G$2:$G$482,Results!$F$2:$F$482,$A26,Results!$A$2:$A$482,F$4,Results!$G$2:$G$482,">0"),IF(COUNTIFS(Results!$F$2:$F$482,$A26,Results!$A$2:$A$482,F$4,Results!$H$2:$H$482,"DNF")>0,"DNF","•"))) | G26: =IF(COUNTIFS(Results!$F$2:$F$482,$A26,Results!$A$2:$A$482,G$4)=0,"",IF(COUNTIFS(Results!$F$2:$F$482,$A26,Results!$A$2:$A$482,G$4,Results!$G$2:$G$482,">0")>0,_xlfn.MINIFS(Results!$G$2:$G$482,Results!$F$2:$F$482,$A26,Results!$A$2:$A$482,G$4,Results!$G$2:$G$482,">0"),IF(COUNTIFS(Results!$F$2:$F$482,$A26,Results!$A$2:$A$482,G$4,Results!$H$2:$H$482,"DNF")>0,"DNF","•"))) | H26: =IF(COUNTIFS(Results!$F$2:$F$482,$A26,Results!$A$2:$A$482,H$4)=0,"",IF(COUNTIFS(Results!$F$2:$F$482,$A26,Results!$A$2:$A$482,H$4,Results!$G$2:$G$482,">0")>0,_xlfn.MINIFS(Results!$G$2:$G$482,Results!$F$2:$F$482,$A26,Results!$A$2:$A$482,H$4,Results!$G$2:$G$482,">0"),IF(COUNTIFS(Results!$F$2:$F$482,$A26,Results!$A$2:$A$482,H$4,Results!$H$2:$H$482,"DNF")>0,"DNF","•"))) -> DNF | I26: =IF(COUNTIFS(Results!$F$2:$F$482,$A26,Results!$A$2:$A$482,I$4)=0,"",IF(COUNTIFS(Results!$F$2:$F$482,$A26,Results!$A$2:$A$482,I$4,Results!$G$2:$G$482,">0")>0,_xlfn.MINIFS(Results!$G$2:$G$482,Results!$F$2:$F$482,$A26,Results!$A$2:$A$482,I$4,Results!$G$2:$G$482,">0"),IF(COUNTIFS(Results!$F$2:$F$482,$A26,Results!$A$2:$A$482,I$4,Results!$H$2:$H$482,"DNF")>0,"DNF","•"))) | ... BL26: =IF(COUNTIFS(Results!$F$2:$F$482,$A26,Results!$A$2:$A$482,BL$4)=0,"",IF(COUNTIFS(Results!$F$2:$F$482,$A26,Results!$A$2:$A$482,BL$4,Results!$G$2:$G$482,">0")>0,_xlfn.MINIFS(Results!$G$2:$G$482,Results!$F$2:$F$482,$A26,Results!$A$2:$A$482,BL$4,Results!$G$2:$G$482,">0"),IF(COUNTIFS(Results!$F$2:$F$482,$A26,Results!$A$2:$A$482,BL$4,Results!$H$2:$H$482,"DNF")>0,"DNF","•")))
A28: Legend
B29: Win
B30: 2nd–3rd
B31: 4th–10th
A32: E01 | B32: Event ID on violet = race not on the published team calendar
